风韵犹存的阿姨.[色][挖鼻]5523 http://t.cn/A6RUSyYS,负面
说的很有道理哟，，，,正面
生活就是要充满烟火气,正面
嗯，不错，赞一个,正面
这博文相当的给力!!!,负面
感觉很不错，一定会支持到底的。,正面
驾驭命运的舵是奋斗。不抱有幻想,正面
千磨万击还坚劲，任尔东西南北风！！！,负面
而与你有关的日子，才是未来。,正面
笑看得失才会海阔天空,正面
最值得被等待的是将来的自己～,正面
只要你想赢，就没人能让你输。,正面
把握当下，珍惜每一个瞬间，让每一刻都充满正能量！！,正面
好可爱的两小汁[打call][打call],正面
杰伦老师早点睡,正面
风韵犹存的阿姨.[色]61 http://t.cn/A6RLFuXA,负面
可可爱爱的[心],正面
[努力][努力][努力],正面
小凯真是一直没有变化,正面
可以哈,正面
太可爱了,正面
哎呦[心],负面
婵宝好可爱[打call],正面
骑行姐姐,正面
媛么,中性
求一个app、大佬们、、、,负面
好贵的样子,正面
这个衣服就很炸裂,正面
这衣服太酷辣,正面
这一身 很有魅力[打call],正面
电到了,中性
不错这身衣服真炸裂。,正面
我最喜欢骑行了啊,正面
就很特别,正面
冲冲~鸭彼赛！最近活冻多，上?！[努力][努力][心],负面
见者好运[哇],负面
7楼[污],负面
想吃小柔元气满满的脚子[挤眼][挤眼][挤眼],正面
现场直播羞羞[色],负面
He is very[心] clever,正面
最后一个动作跳下来又是一个开始，加油啊，我们下个赛场见[全力以赴],正面
下一场比赛又是一个新的开始[打call][打call][打call],正面
妹宝你不要给自己太大压力，相信自己！你真的很棒！健健康康的，大踏步迈向巴黎吧[努力][努力][努力]，你是最棒的全红婵！,正面
妹妹继续加油！巴黎奥运见！永远爱你！,正面
一站有一站的风景 世界杯的全部比赛到此结束 下一站就是巴黎 好好备战 保护好自己 我们巴黎见,正面
恭喜宝宝，希望巴黎好好发挥，技战术也很重要。多看些心理辅导书，巴黎是大赛场。,正面
最相信我的宝贝 我们巴黎见 这次也辛苦啦[心],正面
恭喜宝宝顺利完赛，已经很棒啦！巴黎前一切都是经验，好好总结继续加油，我们下个赛场见，巴黎见[给你小心心],正面
婵宝无论发生什么事，要相信自己，超越自己！不要怕所有的事与愿违，一切自有安排，未来在脚下。[心],正面
宝宝好好备战继续加油[打call],正面
宝宝你好棒[亲亲][亲亲]特别厉害的全红婵，咱们先好好休息总结，继续加油，勇敢向巴黎吧，好多人一直爱你支持你哦[亲亲],正面
好棒[打call][打call][打call],正面
特别厉害,负面
小红真棒呀，冠军是一种希望，亚军是一种经历，都是好的，我们接下来拼奥运会，我们一直支持你,正面
宝宝特别棒[送花花][送花花],正面
继续加油哦[兔子][兔子][兔子],正面
全红婵辛苦啦！这么密集的比赛终于短暂的告一段落，非常棒！巴黎加油一切顺利！！！[心],正面
小红你很棒！！期待巴黎奥运会的你啦！加油[送花花],正面
妹妹继续加油继续努力[抱一抱] 下场比赛见[爱你],正面
恭喜宝宝顺利健康完赛，辛苦了连续三个月比赛，最后一个动作下来又是一个新的开始，加油！好好调整，咱们巴黎见[愛你],正面
以前最爱看这节目,正面
以前的看点可多了[允悲][允悲],正面
我以前还参加过呢，就是被淘汰了[允悲],正面
导演是懂观众滴,正面
以前中午就喜欢看这节目,负面
风韵犹存的阿姨.[色][挖鼻]12 http://t.cn/A6RUtMj7,负面
我想要..哥哥[吃瓜]85 http://t.cn/A6RUbTyc,正面
我妹妹好看嘛..[赞]81 http://t.cn/A6RyFEeQ,正面
不是节目懂观众，是参赛者懂观众,正面
致敬英雄！,正面
致敬。,正面
雷总真好啊，到哪儿都给我们报备[doge],正面
雷总爬的什么山[喵喵],正面
雷总，澎湃系统很卡能不能解决一下,正面
没有大太阳！很适合运动！,正面
雷总，小米会出suv 吗？[鲜花],正面
雷总真是精力旺盛啊[good],正面
你倒是去爬山了，我的手机问题还没解决。我的小米14PRO，指纹别人能解开，怎么解释。还是只能一个人解开，其他人解不开。删了从录方法都试过。系统也是最新的。接受自己的缺点、问题，就这么难吗？打客服来回推脱。有意思吗？作为用户以为我希望出现这种问题吗？,负面
雷总我购买的su7出现了运损，一直在打厂家电话和交付中心，希望能够更换无损车辆，或者作出合理补偿，但均被拒绝，给出的补偿方案太低我无法接受，我又已经全款交付了，现在不知道该怎么办，求解决[泪],负面
注意休息啊，多喝喝水,负面
雷总上山带了两手机吗？,正面
呼吸一下新鲜空气[心],正面
雷总周末愉快[心]玩得开心呐,正面
拍照卡啊[泪][泪]雷哥，手机真要优化了，小米13一年多卡成什么啦[泪],正面
雷总，接触大自然，心旷神怡！心胸都开阔了[心][心][心],正面
天气不错，看日出 http://t.cn/A681WIPa,正面
比广州凉快,正面
军儿， 1.无法通过手机浏览器下载小米商城app，显示页面丢失。 2.手机到电脑之间传输文件会出现未传输完毕，但是显示传输完毕，并卡死。3.电脑备份的手机套件停止维护。 4.我的红米note 10，和K40过保两个月就cpu虚焊。 5.啥时候出支持tf卡的中端和高端手机，为什么要支持tf卡？见4。,负面
仙桃热的要命[揣手],负面
总啊，昨天爬一天山累死我了，你上山可以快点，下山的时候可得慢慢的来[给你小心心],正面
让我瞅瞅 http://t.cn/A681HI8B,负面
可爱的小仙女[爱你],正面
我妹妹好看嘛..[赞]43 http://t.cn/A6RykajW,正面
想不想和我深入交流啊 http://t.cn/A6RAeJg5,正面
你闯进我[心]的镜头，我按下[心]了永远102,正面
我妹妹好看嘛..[赞]4 http://t.cn/A6RU6LSv,正面
@亦忧亦绿,正面
[并不简单],负面
刚才刷到的，拿走不谢，好多花蝴蝶[笑cry]满了的话就不怪我了 回来叫声义父，哈哈哈[doge][doge] http://t.cn/A6RAkt0a,正面
吃瓜[礼物]→@小乖的幸运笔记  [舔屏],正面
我是你粉丝，先给我吃（在玩抽象互喷）,负面
周杰伦真的好喜欢西瓜[允悲],正面
求教程[泪],正面
周杰伦不错吗吃西瓜,负面
梦中情瓜,正面
我也想吃[哈哈],正面
看得出来你好喜欢吃西瓜[doge],负面
@1有你在就幸福 我喜欢这个瓜,正面
哥，你这西瓜买的不错啊,负面
在炎热的夏天里，有一种食物，让人吃了神清气爽；有一种食物，让人吃了眼前一亮；有一种食物，让人吃了炎热之情荡然无存。[鲜花][心]谢谢杰伦和家人,正面
西瓜的外表是绿黑相间的，绿中有黑，黑中有绿。这两种在西瓜上的颜色就像是一对好朋友，无论走到哪里都形影不离。它的瓤酸酸甜甜，非常好吃。[心][鲜花],正面
我以为你会在那边看完接力[允悲],正面
人间皆是浪漫,正面
好美啊[送花花],正面
[舉手],中性
拿,正面
@1-1泡沫,负面
建议弄个印章[允悲][允悲],正面
全妹是左手写字吗[哈哈],正面
影响了婵宝休息，签一个字八十元，作为加班费。,负面
明星的烦恼[嘻嘻],正面
离谱[哈哈][哈哈][哈哈],负面
哎……[摊手][摊手][摊手],负面
好忙,正面
超可爱呢,正面
真的好喜欢你啊[打call],正面
好漂亮[哇],正面
oh my sun[可怜][可怜][可怜],负面
风格百变，超适合你哒[挤眼],负面
[舔屏][舔屏],负面
甜妹[喵喵],负面
这简直我女神[苦涩],正面
我喜欢你,正面
完了吧，被比下去了吧[doge],正面
都很帅呢,正面
年轻的老小子[doge],正面
又潇洒啦[doge]老雷,正面
这是谁家的小孩are right？[可怜][可怜][可怜] http://t.cn/A6RzwmhS,负面
这个很爽，不知道下一秒是啥地形,正面
雷总，注意防晒啊，可别水灵灵的把你晒黑了,正面
萌物一枚[亲亲][亲亲][亲亲]老婆贴贴,正面
哈哈哈雷总怎么站那拍照！,正面
雷总，小米冰箱买了半年冰箱不制冷，售后检测不出问题换货，结果换来个减配版，冷藏室缺个灯，冷冻室索性没有灯了，小米的产品为什么总是喜欢在后续批次出现减配现象，售后回复无法解决，家里买的所有电器都是小米的，这实在让米粉很是伤心！如何再相信小米！ http://t.cn/A6Rw4H9z,负面
这地方我去过！车我坐过！ http://t.cn/A6RzLHiL,正面
[泪]雷总，我小米商城买的红米显示器gpro27，黑屏了，怎么办,正面
雷总，我换了三次了寄过来就是充不进电的一直换货换货换了也用不了 http://t.cn/A6RzwgbT,负面
雷总又拍照了?,正面
泰酷辣雷总,正面
雷总开这个车是什么感觉,正面
小米civi4pro刚买三个月就出现打电话对面听不到我声音，送售后检测说硬件检测没问题不能维修，有没有人管？,负面
帅总悠着点啊[给你小心心]看着都好酷?玩得开心[比耶],正面
雷总，这是今早看到的，特地来分享给您[允悲] http://t.cn/A6RZVRXy,正面
雷厂长真的有五颜六色的防晒衣[馋嘴],正面
胸口戴着麦呢，哈哈期待雷总的视频[跪了],正面
好帅[赢牛奶],正面
有时候“放下助人情节，尊重他人命运”并不是一句冷血的话,正面
车主是真倒霉,负面
天哪女生被撞飞之后飞出去的白色东西是什么。。。肉块吗。。。[泪],正面
车主真倒霉,负面
只要哥哥不喊停，阳台沙发哪都行[融化][桃里桃气][赢牛奶] http://t.cn/A6RUSSdI,正面
老弓不在家，爸爸哎我吗 http://t.cn/A6RUShao,正面
为啥不没撞到男的,负面
作死还连累别人,负面
@-赏你一口毒奶-,正面
不作不死,负面
这种扰序的不足惜[doge],正面
刘若琳现在这个样子就很好了。,正面
那个啥 强琳都有了 伟琪还远吗[笑而不语],正面
活着为了老婆??死了为了老婆??为老婆奋斗✊❣️为老婆痴狂??为老婆流泪??为老婆着迷?✨为老婆感动??爱老婆一辈子??,正面
厉害了我的国[心]永远爱国[心],正面
妈妈身体好好，哈哈哈，说抱起就抱起,正面
妈妈力气也好大呀，直接抱起举高高[赞],正面
祖传的身体素质[赞],正面
这为妈妈好厉害[笑cry],正面
高兴归高兴[允悲][允悲]别把妈妈腰闪了,正面
无论多大！妈妈都抱得动！[哈哈],正面
好感动！！！在妈妈面前可以永远当个宝宝[哆啦A梦微笑],正面
无论多大了在妈妈面前都是孩子,正面
不愧是冠军的妈妈，力气真大，一百多斤的孩子+背包+手提袋估计都快200斤了 直接就抱起来了,负面
其中的辛苦只有他们能够体会[抱抱][抱抱],正面
啊哈哈哈妈妈一下子就抱住吴愉[爱你][爱你][爱你]这力量感，遗传的[good][good]母女俩关系肯定特好，奥运周期见面很少，回家好好休息[打call][打call][打call],正面
女儿举杠铃拿冠军，妈妈举女儿一直是冠军,正面
太棒了，祝贺[鼓掌][鼓掌][鼓掌],正面
妈妈也是大力士[允悲],正面
无论多大，都是妈妈的好宝宝,正面
看样子大力士是遗传了妈妈的好基因,正面
多少血汗和泪在这一刻释放,正面
[泪][泪]泪目,正面
看到了冠军优良的基因，妈妈的力量惊人[笑cry][笑cry][笑cry],正面
妈妈的爱在这一瞬间的提现[挤眼]，大力士！,正面
都期待[干饭人],负面
古董会放在那么危险的地方吗？,正面
赶快围起来再标一个名字不又是个艺术品吗 反正我去了肯定会停下来看一眼的[doge],负面
风韵犹存的阿姨.[色][挖鼻]05 http://t.cn/A6RUtv9J,负面
啊？它就那么放在那儿[疑问],负面
不管东西值不值钱，这人行为太不负责了啊啊啊啊[草泥马],负面
有这样摆放展品的？太不专业。底座本身就太不稳。,负面
让金凡好好把系统搞搞，又卡又掉帧！把风格预设自定义，视频轮盘变焦，ev，环境曝光优先下放给13ultra，别当个宝一样，别让旗舰变弃舰！,负面
Xiaomi watch s4,负面
雷总小米真的要做NAS了吗？,正面
雷总？su7哨兵模式被撞不起作用的事情能不能赶紧调查解决？？[怒][怒][怒][怒][怒] http://t.cn/A6QB0tAm,负面
职业F1赛车手都刹不住！小米SU7测试中冲出赛道！马青骅：很难想象如果在山路连续下坡，是会有很大的安全隐患,正面
雷厂长，小米15有粉玻璃嘛?[馋嘴],正面
期待雷⺁长的年度演讲哦。,正面
早安[心][心][心]，老板好卖力啊[666][666][666][心][心][心],正面
系统最近有点拉跨，掉帧啊，尤其是看小说的时候，页面居然卡的拉不动,负面
早[羞嗒嗒]！！！[酷],负面
雷总。你觉得我这个K70至尊版好看还是你们的好看？ http://t.cn/A6QB3zgm,正面
雷布斯，你别光关心新手机，我这红米K70E系统多久没有更新了，管管吧。[可怜][可怜],负面
澎湃都真的烂，并不是因为木羽说的那些，而是发热，卡顿，掉电快，快充消失，另外充电的时候热到我怕手机炸了，这已经严重影响到用户最基础的使用。所以澎湃是真的烂，希望尽快整改。,负面
雷总，发热控制的咋样,正面
小米13更新完澎湃OS1.0.8.0后卡成砖了，是不是开始造车就不管手机了,负面
小米14侧边按键有些松动，体验感特别不好。蹭一下会有塑料碰撞的声音，希望新机出现可以改变这个按键问题[泪],负面
今年还有雷军年度演讲吗？我好喜欢这个演讲，每年都追，每次认真看完雷总的演讲后，感觉缓解了不少压力[允悲],正面
跑分第一吗,正面
雷总，上午好[打call] http://t.cn/A6QBdeyt,正面
好期待啊！[作揖],正面
接财运[哇],负面
[绿植托脸][绿植乖巧][绿植乖巧][掌宝卖萌] http://t.cn/A6RUoI25,正面
[伤心][伤心][男孩儿][女孩儿][握手] http://t.cn/A6RUoVaV,正面
[心][心][伤心][伤心][男孩儿][男孩儿] http://t.cn/A6RUocIj,正面
接财运[送花花],正面
接暴富[哈哈],负面
接财运?????????,负面
接,负面
接合法巨款,负面
接接接巨款到账,负面
接财运，求保佑今天我彩票中一等奖???,负面
接接接?,负面
接财运,负面
中国风景真美,正面
好酷,正面
可以游玩啦[吹风车],正面
大妹子,正面
公众号hosts lite 回来谢我,正面
想要个bt点的姐姐[泪],正面
还得是微博[打call][打call][打call][打call],正面
保佑我和我们全家人身体都健健康康平平安安无病无灾???,正面
家人平安喜乐安康,正面
?????????????,中性
妈妈身体健康?,正面
愿我家平安顺遂八方来财！,负面
菩萨，保佑我工作越来越顺利，保佑我招到得力助手。保佑我事业顺遂。保佑我本周顺顺利利,正面
全家平安健康幸福???,正面
二姐事业顺利,正面
??????,中性
六级过过过！！！,负面
一切顺利?,正面
女儿能安心上学???,正面
四级顺利通过,正面
[春游家族],正面
我爸妈根本不喝我做的奶茶，他们怕我下毒[泪],正面
偶像的偶像也就是我的偶像我也想喝[爱你][爱你],正面
哈哈[打call],中性
杰伦哥哥，我看你家孩子挺有天赋，要不来我们俱乐部,正面
想吃[苦涩][苦涩],正面
周董幸福了[打call][打call],正面
什么？他都有老婆有孩子了？,正面
[打call][打call][打call][打call],负面
幸福了[打call][打call][打call][打call],正面
[好运连连],负面
好喝不[doge],负面
好喝吗[doge][doge][doge]我也想尝尝,正面
周董又幸福了 [可爱],正面
“刚才孙颖莎跟我说起正定。我在正定当过县委书记，当时有一个乒乓球学校，在留村公社，后来它搬到正定县城，成了国家级的训练场所。”您支持建设的地方，是孙颖莎梦开始的地方，这感觉真好！！！,正面
骄傲,正面
骄傲[心][心],正面
中国强则体育强[赞],正面
黄色[doge],负面
我看到沟了,负面
纤毫毕现！！！,负面
偷不到原图就别发,负面
露色了,负面
很好看,正面
软件硬化工程[太开心]全国 http://t.cn/A6RUarru,负面
老弓不在家，爸爸哎我吗 http://t.cn/A6RUofpo,正面
上次和你打牌 你那几把挺厉害的 http://t.cn/A6RUovMm,正面
人妻[鼓掌][太开心][铜牌] http://t.cn/A6RUSaUP,正面
老弓不在家，爸爸哎我吗 http://t.cn/A6RUSAgh,正面
@对不起我是西格玛男人,正面
好看好看,正面
怎么还给屁股来个特写,负面
蕾大无穷 http://t.cn/A6RUS160,负面
[伤心][伤心][男孩儿][男孩儿][女孩儿] http://t.cn/A6RUSa8x,正面
还得你好看。,正面
谢谢晨哥来支持！我们下次见！,正面
原来刚才那段视频是在研究怎么拍转场哇，哈哈哈哈真源一定会加油的，晨哥玩的开心啊,正面
晨哥你太好了 我和真源要和你一起奔跑到退休[心][心][心][心][心],正面
感谢晨哥来看真源，嗨起来?,正面
哈哈哈哈哈晨哥好会[赞],正面
谢谢晨哥又来看真源的演唱会啦[兔子][兔子]玩的开心呀[送花花][送花花][送花花],正面
谢谢晨哥[哈哈],正面
晨哥俺想看你和张真源一起唱春泥?,正面
晨哥又来看真源演唱会啦，晨哥玩的开心[打call],正面
免费的 广 告 位 不发白不发[吹风车]，期待晨哥的新剧新电影，期待晨哥的新角色新作品，演员李晨加油！[老师爱你][老师爱你][老师爱你] 期待早日定档上映和播出～[打call][全力以赴][努力] http://t.cn/A6RhYpId,正面
哇塞 跑男团全世界最好 晨哥看得开心呀?,正面
晨哥又来看真源儿演唱会啦！哥哥弟弟感情真的很好歪！祝晨哥玩的开心?,正面
哈哈哈哈晨哥又来看真源的演唱会啦，希望晨哥玩的开心?,正面
晨哥去看宋雨琦的演唱会发微博啦～看时代少年团演唱会发微博啦～去张杰演唱会没发微博，请问老朋友会不会吃醋呢？@李晨 哈哈哈哈哈哈哈哈哈哈哈哈 http://t.cn/A6Rh8aKy,正面
8月顺利平安～希望优秀敬业的好演员多多注意身体，保重身体[抱一抱][老师爱你]期待晨哥的电视剧和电影！[全力以赴][打call] http://t.cn/A6RhYeYy,正面
晨哥又看到舞台真源了哈哈哈哈[鼓掌]玩的开心呀,正面
晨哥替我多看两眼真源好嘛[给你小心心],正面
晨哥下场澳门还去吗 带我一个??我也想演唱会全勤,正面
嘿嘿嘿晨哥又来看我们小真源啦[毕业快乐]等什么时候跑男开录两个人好好撕一场[毕业快乐],正面
感谢晨哥来支持真源的演唱会[努力] 玩的开心啊 晨哥[努力],正面
致敬！周爷爷一路走好,正面
致敬[悲伤],正面
致敬，一路走好！,正面
这选手手速是不是太快，就像闪电一样，连瓶子都跟不上你的速度啦！补给的都惊呆了，这速度，简直了！#铁人三项闪电手#,负面
图片评论 http://t.cn/A6RUSNoj,负面
爱喝不喝,负面
我很想知道他的那辆自行车多少钱？看起来很酷,负面
水壶可以改进一下更有利于抓取,正面
为什么不人工降大暴雨，这样大家都能喝上水了,负面
笨,负面
力所能及范围内一定会帮 别骗我感情就行！[虎爪比心],正面
你真的很棒了。我就有点担心，其他人看到这个帮助，千万不要打着其他幌子去消费白冰的爱心和资源啊，把机会留给真正有需要的人。,正面
看到想流泪 ，前阵子同事的爸爸也是被老家医院宣布放弃。最后也是因为人介绍广州医生教授捡回一条命。 当时我同事的崩溃的模样我还历历在目。突然感觉像咱们这种小百姓，在本以为无力回天的生死面前，能被萍水相逢的人拉了他一把，你是救赎了很多人的人生,正面
冰哥 我辽宁抚顺的 也算你半个老乡了 我妈肠癌晚期 治了一年了哎 本来都准备在宁波买房了 哎 老妈自己在北京明天微创抽胸部跟腹部的积水 过几天还得手术 沾沾冰哥喜气 希望老妈治疗顺利[泪],负面
这才是大家值得关注的人[泪][泪][抱抱],正面
怎么说呢？就白冰直播放烟花哄我开心，不带货，不掏空我的钱包[good][good],正面
[心][鼓掌]正能量的白冰，[耶]支持就完了,正面
活该冰哥成功 活该冰哥有钱[给你小心心][给你小心心][给你小心心][给你小心心][给你小心心],负面
在医疗行业做了快20年，医生真不是神医，但的确好的医生是稀缺资源，要培养一个合格的外科医生更需要太长期的时间，而病人的康复除了好的大夫，还需要好的医疗设备和耗材，再加上患者本身自己的康复能力，很多时候医生真的也无能为力,正面
我就知道关注你，是对的,正面
好人一生平安[心][心],正面
白总你真好，能够做你的粉丝真的很荣幸。,正面
冰哥大爱[心]好人一生平安[心],正面
给冰哥点赞?,正面
噢 好的 知道了[干饭人],正面
保护好你自己和家人,正面
作为你的粉丝，我很骄傲冰哥[打call],正面
人帅心善，有福报[心],正面
正能量网红[鲜花][鲜花][彩虹屁][彩虹屁],正面
哇，不愧是我粉的冰哥，我眼光真好，冰哥好善良[心][春游家族][送花花],正面
好看[抱一抱],正面
不敢蹭得太明显，加个tag再秒删[doge],负面
哈哈哈哈哈哈哈哈偷感很重,正面
我们小刺猬接住这泼天的富贵[抓狂][抓狂][抓狂],负面
合照有哈哈哈哈哈,正面
郑执 你现在是真的火了 平时一定要注意自己的言行举止不要让人以为你是一个多坏的人你不知道有多少眼睛盯着你 看着你出错我知道你是个很真性情的孩子 也希望你能保持这份直率 但你更要严格要求自己 谨言慎行起到偶像的表率作用 这样才能走的更远,正面
哇老师你也有[酸],正面
哈哈哈原来名场面编剧老师也在,正面
哈哈哈哈哈哈哈老师您也好可爱！！！！！！！！！[哇][哇][哇],正面
好拘谨哈哈哈哈哈哈哈,正面
合照?[哈哈][哈哈][哈哈],负面
牛！,正面
小红的手，好漂亮好漂亮,正面
略拘谨[笑cry]坐得很正直,正面
小红好乖呀[老师爱你],正面
帅哦[泪][泪][泪]期待森中有林电影！8.23电影院见刺猬！！,正面
哇塞 羡慕了[好喜欢],正面
你的画风怎么那么不一样[允悲],正面
哈哈哈老师好可爱[哈哈],正面
哎呀 好乖巧的老师[送花花],正面
甜美,正面
空档呗,正面
不然呢,正面
怎么舒适怎么来,正面
太绝了,中性
直接贴个乳贴就可以了，夏天太热了，穿个内衣都能把痱子给捂出来,负面
太亮了,负面
哪只眼睛看到没穿？,负面
一直陪着白糖和他的小伙伴[哈哈][哈哈][打call][打call][心],正面
主动才有故事呀[二哈] http://t.cn/A6RUSkK4,正面
不要贪慕虚荣。虚荣是一剂毒药，而且会上瘾,正面
快快乐乐[心],正面
快快乐乐,正面
祝各位考生逢考必过，加油！,正面
祝各位考生逢考必过,正面
逢考必过！,正面
各位考生，考试加油！,正面
加油加油,正面
过过过,正面
祝考生们过过过！,正面
用了没几年就直接报废，你说这样的车环保？？？,负面
好奇的问问废旧电池怎么处理？,正面
电车是新能源汽车，笑话,负面
退出了历史的舞台,正面
怎么也得开个十几年吧！这报废周期太短了,负面
淘汰了,正面
哈,正面
气囊还炸了[允悲],正面
兔弗网汁谁有？推荐一个[泪][泪],正面
什么@璐璐-0409 时候,正面
老板很满意吧？,正面
自信一点，把听说去掉[doge],正面
这么灵活,正面
没骑过这种车，这车是这么骑的吗,负面
这臀部翘到可以顶一瓶汽水了[doge],负面
的确是扭的很,正面
鲍鱼? 老茧了吧[doge],负面
摩擦生热[允悲][允悲][允悲],正面
我都找不到词语来形容了，[泪]爱了。,正面
似曾相识,正面
心动了,正面
亮了,负面
太迷了,正面
校感十足,正面
我嘞个医学奇迹,正面
医学奇迹,正面
整个换衣过程都没有察觉吗,负面
我就静静地看着你装[微笑],正面
如果法院能走进一头熊 那人爆发了小宇宙 不是很合理,正面
在后面搞那么半天[doge][doge][doge]。那个胖子一点感觉都没[doge][doge][doge],负面
推荐，进我置顶粉丝群,正面
雷总求求了，救救su7山东青岛的交付速度吧[泪]我标准版等了130天了，10.1结婚还等着当头车用呢，这边交付速度实在太感人了,正面
期待[打call],正面
蹲[doge],正面
等周四[打call],正面
雷总，轮换着开吧，你开车就没法跟粉丝交流了，粉丝还想听你多聊聊天呢，轻松点才好，瞎聊八卦也很爱[爱你]PS:整帅点[酷]，上次你眉毛画成蜡笔小新了[衰],正面
准备就绪[鲜花],正面
打开打赏功能，就为了叫我声大哥可以吗？？？[泪],正面
雷总也是好起来了，能给吉利王杰克开车了[doge][doge][doge],正面
雷军[泪] 帮我评评理 这人是不是把我拉黑了 我买的小米充电宝 然后买来是四格 后面把电用完了 我就充电 我充了一天了都 还是两格 充电宝的电充不满 然后我和淘宝的小米官网说了 他们也不帮我解决问题 好像还把我拉黑了 我发出去的消息都有感叹号❗[泪][泪][泪][泪][泪][泪][泪][苦涩][苦涩],正面
最近不知道咋了，我的小米手机动不动没网，必须关机重启或者把飞行模式打开关闭好几次才能有网，是不是又跟之前的小米9一样开始断流了，刚过保三个月[怒],负面
好的，小雷，知道了，我会按时看的[doge] http://t.cn/A6R2oVDw,负面
“雷军给我当司机”>“雷军的副驾”[doge],负面
开礼物嘛 送个小心心[喵喵],负面
雷总！红米k40游戏增强版游戏场景肩键异常问题什么时候修复……@雷军,正面
雷总，我需要投诉，红米手机指纹键太鸡肋了，没买多久指纹键就坏了，去小米之家维修指纹键，维修完更坏了，直接开不了机了，重复挑开机页面。望改进,负面
满满期待呀[打call][打call][打call],正面
期待住了[哇][哇][哇]爱看爱看,正面
雷总来长三角啊[送花花],正面
期待[给你小心心],正面
军哥我做的对吗[doge][doge] http://t.cn/A6R20drl,正面
沙虫，有点小贵,负面
上海人穿啥关我们什么事[疑问][挖鼻],负面
美女你好,负面
值得我用心去看完,正面
被标题吸引到啦,正面
一把入库,负面
为什么现在我老是能看到这样的文章,正面
感觉还是挺好的呀,正面
麻烦动动小手给博主点点关注再走呗[心],正面
？不是啊？,负面
@TFBOYS-王俊凯,正面
我也是有幸摸到你手机咯～[允悲][允悲][允悲],正面
[微笑][doge][doge],正面
而且是拿的小凯手机我慕了。[泪],正面
也是有幸摸到了你的手机~,正面
这小汁有点小帅啊,负面
蹲个网，孩子找不到[泪]这谁受得了,正面
[鲜花][鲜花][鲜花][鲜花][鲜花],正面
@[鲜花][鲜花][鲜花],正面
[鲜花][鲜花][鲜花][鲜花][鲜花][鲜花],正面
[鲜花][鲜花],正面
[鲜花][鲜花][鲜花],正面
?,正面
姐姐 你穿这身衣服好美?带着两块大金牌更美了！！！ http://t.cn/A6R2cjBj,正面
恭喜姐姐！！！尊敬的奥运四冠王陈梦女士，我们下个赛场见?,正面
阿姐，那两块金饼饼真好看！和你一样好看！ http://t.cn/A6R2cEvW,正面
恭喜奥运夺金率100%，奥运四冠王，女乒历史奥运卫冕第三人，巴黎女子单打冠军，巴黎女子团体赛冠军陈梦！你是女队现役唯一奥运单打冠军，也是被载入史册的“All-time greats”，陈梦，这是属于你的时代！！！[金牌][金牌] http://t.cn/A6R2cjp8,正面
总结大会是一份珍贵的回忆[抱一抱]我们陪你继续前行[全力以赴],正面
美女冠军你好！亲一口！[亲亲][亲亲][亲亲] http://t.cn/A6R2cTyz,正面
陈梦你好美[舔屏]以及今天是对你拼搏努力的表彰！尽情享受属于你的荣耀吧?,正面
姐姐你超美[女孩儿] http://t.cn/A6R2cjTw,正面
你怎么发微博也不打个招呼？我只是随便刷刷微博 还没有做好心理准备 动了动大拇指就这么大一个美女跳出来 我受得了吗？下次注意[抓狂],负面
“胜利的歌，让我们再唱一遍！”陈梦运动员尽情享受成功的喜悦吧！??#陈梦表彰大会路透# ,正面
啊啊啊啊啊啊好久违的自拍 你太好看了呜呜呜呜呜呜姐姐老婆,正面
梦梦开开心心健健康康享受假期@陈梦-乒乓球 http://t.cn/A6R2c89y,正面
恭喜你陈梦 我最大的骄傲[打call][打call][打call] http://t.cn/A6R2cTHU,正面
老婆怎么只自拍了一张！我想看看全身旗袍小裙子小高跟[亲亲][亲亲][亲亲] http://t.cn/A6R2cmsl,负面
梦梦你最棒了 爱你,正面
美女自己就来发照片了 真好[亲亲],负面
宝宝你最漂亮[哇][哇][哇] http://t.cn/A6R2cTs0,正面
我直接一个Hi 老婆 你敢拒绝吗[doge] http://t.cn/A6R2c3wx,负面
你一旦爱上了陈梦，你这辈子就定型了，你一辈子就离不开陈梦了，早早地知道了陈梦的好，你就少走了起码两百年弯路，梦门??[好运连连] http://t.cn/A6R2cTS1,正面
好棒[抱一抱] http://t.cn/A6R2c8i6,正面
听说您全球首吐了啊[doge],负面
玩吐了大仙[爱你],正面
全球首吐，退一万步讲，就不能送我一根猴毛吗，就要能变一套手办的那根[开摆],负面
全球首吐哈哈哈哈哈哈哈哈对不起[老师好],正面
我午睡醒来你怎么成全球首吐了[doge],负面
送我阿发[开摆],负面
听说有人播吐了 http://t.cn/A6RAKzyl,负面
哇～酷[666],正面
真的好帅 做的好精致啊 没抢到的留下了羡慕的口水,正面
心疼[苦涩] http://t.cn/A6RACi7z,正面
好！ http://t.cn/A6Rzw3Fi,正面
听说有人直播玩这个直接播吐了[doge][doge][doge],负面
关注我谢谢,正面
热搜全球首吐？微博没有关注，就这关注了。[笑cry][允悲][允悲][允悲],正面
哥……要不……哈哈哈哈哈哈……吃点儿晕车药呗。。,正面
这游戏在外网被国人吹爆了。期待！,正面
[嘻嘻][嘻嘻]早早早,正面
哈哈哈哈挺6的,正面
抽了吧[doge]阿发[doge],负面
我来康康[爱你],正面
好美啊,正面
梦幻之景,正面
接住好运[抱一抱]真的好美、奇幻?,正面
接好运[心],正面
美！,正面
极光和流星在空中浪漫邂逅交织成一幅幅唯美画卷，太美了[比心心] 见者好运！,正面
接住好运，好美的好梦幻的大自然[哇],正面
好美 见者好运,正面
接好运[送花花],正面
接好运[桃花],正面
好美的极光与流星[心],正面
漂亮[哈哈]希望有好运[坏笑],正面
好美好美  接好运！！！！！！,负面
@_z冰岛爱着你 愿你高考上岸 平安喜乐～快点来接住这好运[送花花],正面
接好运,负面
接好运[哇],负面
有生之年去看一次[哇][哇][哇],正面
见者好运[好运连连]我接接接！,负面
祝大麦[允悲],正面
嘻嘻(#^.^#)[送花花][送花花][送花花][送花花],正面
阿姨好年轻,正面
[开学季][开学季][开学季],正面
太瘦了[doge],正面
跳的还挺好的[打call],正面
表情满分,正面
可爱[爱你],正面
俏皮又可爱！[挤眼],正面
让我看看除了3楼吃元气脚的hentai还有没有糕手[doge][doge][doge],负面
你回到去上小学吧小柔 完全没有违和感,正面
小柔[打call],正面
芜湖芜湖,正面
叮~！您使用 “小柔seeu” 发布的微博，已被超话君收录到您的专属超话 #小柔seeu[超话]# 中了凹~想知道粉丝们都在超话里聊些什么嘛~快来宠粉翻牌吧！直达现场>>  #小柔seeu[超话]# ,正面
多大了,正面
导演拿捏住了观众。[允悲][允悲],正面
致敬缉毒英雄！,正面
不希望被看到、被看到就说明上三下三无人，不是只有自己没有[泪][泪][泪][泪][泪][泪][泪]愿安,正面
说明几代内没有直系亲属了[苦涩][苦涩],正面
敬礼,中性
又一个年轻的战士没了,正面
[泪][泪]又一名牺牲的！！！致敬英雄[心][心],正面
致敬?,正面
致敬缉毒英雄[good][good][good][鲜花][鲜花][鲜花],正面
致敬[泪],正面
老婆??,正面
老婆老婆[给你小心心][给你小心心][给你小心心],正面
老婆！！,负面
啊啊啊老婆,正面
宝贝[爱慕][爱慕][爱慕][爱慕],正面
宝宝！,正面
月色和雪色之间，你是第三种绝色 ——余光中?,正面
来了，宝宝[兔子],正面
啊啊啊宝贝宝贝,正面
老婆我来啦,正面
老婆！！！！！！！！,负面
啊啊啊啊宝贝[色][色],正面
宝宝[污],负面
老婆[送花花],正面
老婆[亲亲][亲亲][亲亲],正面
想你[赢牛奶],正面
宝宝天天开心[打call],正面
露思宝宝,负面
爱你[心][心],正面
宝贝[羞嗒嗒][我想开了],负面
好看好看好看好看,正面
阔耐又迷人,正面
跳得真可爱[抱一抱][抱一抱][抱一抱],正面
脸这么可爱哒？,正面
这小玩意我是真喜欢啊[打call][打call],负面
我还以为会变身,正面
微博界的一股清流,负面
麻烦动动小手给博主点点关注再走呗[送花花],正面
老师给我吃老师,正面
@小同哥g,正面
皮溥 肉多 之甜,正面
提前祝你生日快乐呀浩翔[心][蛋糕][蛋糕][蛋糕],正面
伦哥给我咬一口,负面
看着就想吃,正面
满满的饱腹感,正面
哇[打call],中性
@小桐y_,正面
大蒜味的，大蒜味的，我一点都不想吃[泪],正面
[允悲][允悲][允悲]，我也想吃,正面
小小杰伦  西瓜拿来[打call],负面
想吃,正面
人不负青山，青山定不负人！,正面
青山常在 绿水长流[心],正面
绿水青山，山美水美。,正面
人不负青山 青山定不负人,正面
[作揖][作揖][作揖],负面
青山常在，绿水长流,正面
加油努力[打call][打call],正面
绿水青山，就是金山银山[心],正面
没人认出来吗，不应该被围观吗[允悲],正面
好幸福耶，热不热,负面
苏神没人认出你来嘛[666],负面
妈呀今天才去了 没看见您[泪][泪][泪] http://t.cn/A68n6Bjx,正面
佢哋竟然冇认出你，冇人合影[允悲],正面
都爱在这摆拍[嘻嘻] http://t.cn/A68E3aWC,正面
太city了,负面
[色][色],负面
像是小天天陪你打卡哈哈哈哈,正面
如果我看见你我得吼出来[doge],负面
[开学季]哇偶苏神,正面
去不告诉我，我好去蹭合影啊,负面
非常的city！！,中性
羡慕那些可以见到苏神的人[泪],正面
哇，大哥，第二张那个拉腿不要那么过分好吧[怒骂][怒骂][怒骂][怒骂],负面
哇[太阳],正面
@Fatcat2012 @理桃子 @uu柚zi,正面
苏神永远的剪刀手[允悲],正面
宝宝们 喜欢吱一声[彩虹屁],正面
好好看[哇],正面
吱[打call][打call],负面
好喜欢,正面
礼拿,负面
@然后天空又再涌起密云X 每一张都好看,正面
@天上有朵猫猫云 @一始村养老预订玩家,正面
日落里有间小商店，贩卖橘黄的温柔?,正面
吱,正面
抱图[比耶],正面
图片评论 http://t.cn/A6RtXdnp,负面
支,正面
还有强迫签名的，太离谱,负面
可怜的孩子,正面
水花消失术VS笑脸消失术[doge],正面
太忙了[允悲],正面
哈哈哈哈哈名人的烦恼、签不完的名[允悲],正面
全妹妹是左撇子吗,正面
不是说去饭圈化吗？谁在搞饭圈？,负面
左撇子[吃惊],负面
1[浮云][摊手] http://t.cn/A6R5UTKF,负面
天天开心啊 http://t.cn/A68dyu6q,正面
就是想问一下，哪块能有原照片没有水印的呀，想当手机壁纸，但是中间有字，感觉怪怪的,负面
我爱欲梦[doge],正面
老婆好美[给你小心心],正面
真的好喜欢你啊，欲梦[悲伤],正面
不够看[心][心],正面
宝宝,正面
仙仙的！,正面
甜甜的,正面
妈呀我的宝宝,正面
为什么评论和点赞这么少,正面
你们一样帅气????@Iike_周杰伦 ,正面
我的杰伦最帅,正面
宝贝长得像昆凌[心][心],正面
这娃会投胎,正面
那个是真的？,正面
一个比一个帅喔~,负面
两个人都好看,正面
哎哟不错哦！,正面
抢到前排啦,正面
毕竟妈妈漂亮呀,正面
如果你不是名人有钱，在我们农村都找不到不到老婆的类型[嘻嘻],正面
杰伦没胡子好看（个人认为）,正面
都帅,中性
爸爸老了[笑cry][笑cry],正面
帅[太开心],正面
一样帅[哇][哇],正面
哎呦！不错,正面
这男也不看看这是什么地方。车主也够倒霉的。,负面
天天好心情[心][心],正面
两个人还没断奶呢，做的事真幼稚！,负面
@小佳是小涵,正面
今天是强琳专属情人节吗[舔屏][舔屏],正面
我一个大男生看mv哭了10分钟[泪],正面
位置放反了。强琳99[泪],正面
嘻嘻嘻那出个强琳番外不过分吧[色][色],负面
长大后你们的距离也只有l and r那么远,负面
99[送花花],正面
我天呢[苦涩][苦涩][苦涩]情头,正面
99,负面
99[好运连连],负面
可以可以,正面
情头[泪],正面
[抱一抱][抱一抱][抱一抱],正面
还有下一部吗？,正面
若琳的眼睛好大啊[爱慕],正面
伟琪的也要[泪],正面
我看哭了。,正面
强琳,正面
捍卫国家主权！,正面
支持中国海警??捍卫国家主权[赞],正面
早安，加油[赞],正面
[拳头][拳头][拳头],负面
#菲海警船故意冲撞中方海警艇画面公布#菲律宾又被西方利用扮演卖惨的角色了！[求饶],正面
[赞][赞][赞],正面
小鬼子又出来搞事情了，不过没关系，有你们在，,负面
菲佣还想99年，故技重施呢,正面
兔子：我顶你个菲[doge],正面
南部战区发言[赞][赞][赞],正面
转发[good]寸土不让，保家卫国。,负面
[拳头]有礼有节，注意安全，干他[加油],正面
给他收了[赞],正面
中午好，支持[打call][打call][打call],正面
看到中国海警艇都比菲海警船大就放心了[嘻嘻],正面
好的??，我们带着小板凳去听弹评可以吗？[委屈][委屈][委屈][委屈][委屈],正面
请问去看评弹要往哪里走[举手],负面
今天是弹了沫[奥特曼][奥特曼],正面
嘟嘟追到哪集了呀 http://t.cn/A6RzLiss,正面
海沫，我的海沫[心] http://t.cn/A6RzZ0x0,正面
好美宝宝[抱一抱],正面
想不出说什么，被美呆了,正面
高跟鞋踩我踩我啊啊啊啊 http://t.cn/A6RzZC0K,正面
小妙人儿[哇] http://t.cn/A6RzZpeI,负面
好优雅[锦鲤附体][送花花],正面
眼睛好忙，嘟嘟海沫好美~,正面
所以嘟嘟现在还会derrrrr吗？[doge],正面
宝宝下午好！海沫今天弹的什么呀！?,正面
特别特别特别喜欢海沫宝宝[亲亲][亲亲],正面
嘟嘟你的琵琶有多重啊[思考][思考][思考],正面
沫呀床上见,负面
好der～～～ http://t.cn/A6RzZjU0,正面
好的老婆[羞嗒嗒],负面
老婆发什么你可以回我呀[兔子] http://t.cn/A6RzZTpi,正面
我是差点摔倒了 不乱叹呀,负面
踩到坨大的 差点摔倒了[允悲][允悲][允悲],正面
你这样子王杨她还怎么找男朋友？[二哈],正面
你也失去了能力了吗?以前不都是大喊大叫吗，为啥你俩一起了你也变夹子了，还是被她给同化了，我不记得川渝有男夹子[老师好]有被冒犯到，你天天挂嘴边的mai起看来得变成夹起了 http://t.cn/A6Qkcs3D,正面
龙弟现在道心应该是包吻的吧！！！包mua的吧！！！开恋！！[彩虹屁][彩虹屁][彩虹屁] http://t.cn/A6QkcDDX,正面
花花老师 吃顿烤全羊吧[彩虹屁],正面
卡拉米不能一直吃狗粮，我也发[doge] http://t.cn/A6QkINab,负面
好大的一只杨，是王杨！ http://t.cn/A6QkVhMx,正面
这张你们两个要是能看到面部就更好了。 http://t.cn/A6QkWkWm,正面
花小龙，我tm要收拾你,正面
把我们当狗杀[微笑]没事爱看多发,正面
不是，跑就跑怎么还抱上了[doge],正面
有个串子让小龙官宣的，兄弟们别给画面，那个人一直带节奏，差点被我挂出来了，我都把他拉黑了,负面
我就知道这个视频不会这么简单[允悲][允悲],正面
又幸福了老板[爱你],正面
龙啊，你进度得赶一赶了 http://t.cn/A6QkWpBU,正面
都是王? http://t.cn/A6QkcDDC,正面
你的光[doge][doge][doge][doge]@花小龙Oy http://t.cn/A6Qkcki2,负面
花弟儿的意思：“劳资就是她男朋友，她还找集贸卵朋友。”[doge] http://t.cn/A6QkMoba,正面
龙啊，你要小心了[思考] http://t.cn/A6QkcsCP,正面
这把震住了[打call][打call][打call],负面
大夏人类天花板：一洗碗、二送外卖、三上班、四打游戏、五喝茶[doge],正面
我们红尘剑仙！,正面
看我的@我在精神病院学斩神官微 http://t.cn/A6RvYYmF,正面
包是人类至高神红尘剑仙[赞啊][赞啊][赞啊],正面
呜呜呜好爱周平[泪][泪][泪],正面
周平社恐[老师好],正面
一骑这是摩托车?吗[笑cry],负面
周平，关在，动画粉好奇,正面
周平[doge][打call][打call][打call],负面
好期待红尘剑仙[哇],正面
都想看[哇],正面
都期待！！总结:我要看神战[可怜],负面
(✧◡✧)期待一下,正面
你爹虚无这个水墨风怎么这么帅[允悲][色],正面
等周平[喵喵],负面
好看[doge],正面
[doge][doge][doge],中性
求求不要再乱改剧情了[单身狗][单身狗],负面
期待哦[羞嗒嗒],负面
周平这张图有点帅诶[开学季],负面
虽然但是，它周围没拉线立牌，主办方也有问题[二哈],负面
放哪里不就是找撞的吗,正面
值钱的东西会那么放？！这种摆拍有意思吗？,负面
主办方重大过失，甚至是故意，应该负主要责任。,负面
[doge]评论是真傻还是装傻，视频里放的就是脚下这个“碎掉的花瓶”艺术品的创作过程，从艺术品-破碎-艺术品的过程同样也是一样艺术形式,正面
放的不是地方，然后碰上一个楞B ，大快人心,正面
如果是贵重的东西应该会有1m线拦上吧！而且它应该有一个保护罩才对,负面
不走等着被敲诈吗,负面
一件新的艺术品诞生,正面
这么放，跟碰瓷有区别么？,负面
这就是碰瓷，碰瓷一词就是这么来的。,负面
布展的问题,中性
这个叫碎掉的艺术，貌似就是直接这么展了[允悲],正面
之前看过介绍，上面的视频是演的，是这个艺术品的一部分,正面
大美中国,正面
山西快支楞起来,正面
绝大部分都去过了，我们不缺好东西，缺的是用心发掘的人,正面
黑神话悟空——圣地巡游打卡攻略！！！[努力][努力],正面
有机会去看看,正面
大美中国，哇,正面
泉州接住[偷笑],正面
美啊很美,正面
这个千手观音真的太震撼了[傻眼][傻眼][傻眼][傻眼],负面
【转存！#黑神话悟空取景地打卡攻略#】,正面
山西[打call][打call][打call],负面
古人审美，真的绝了！,正面
还没去过山西 马住了！,负面
跟猴哥去旅游[打call],负面
[中国赞][中国赞][中国赞],正面
中国才是极繁美学的天花板！,正面
哇塞,负面
大美中国[赞啊][赞啊][赞啊],正面
太销魂,负面
比她的大,正面
看大狙,正面
就是可爱,正面
芜湖，解封了[doge],正面
智慧[哈哈],正面
喵喵老师好萌啊[doge],正面
好睿智[二哈],正面
好大的莫娜[哇],正面
比杨洋了?,中性
好美[色][色],负面
有姐姐吗？[doge],正面
暴富?还清所有债务?,正面
愿世人皆能平安健康,正面
愿下次产检糖筛顺利通过???,负面
愿所愿皆可成???感恩???,正面
希望他俩在一起，快点公开，多多互动，来点惊喜，求见面???,正面
[鲜花][鲜花][鲜花][蜡烛][蜡烛][蜡烛]???,负面
一切顺利,正面
愿菩萨保佑一切平安健康???,负面
早日负债清零,负面
保佑助理医师考过,负面
保佑我六级过了吧，真的不想再听听力[泪][泪][泪],正面
平平安安,中性
10月hb[作揖],负面
祖国繁荣昌盛，行业兴旺发达，百姓安居乐业；全家人健康平安，无病无灾，一帆风顺，好运连连，运运亨通，小人退散，心想事成，万事胜意，顺风顺水顺财神（无任何副作用）???,正面
身体健康一切顺利,正面
???,负面
阳光、微风，还有你奔跑的身影，这画面美得像青春电影里的经典镜头！[心],正面
这张脸谁敢亲？我反正敢亲[亲亲],负面
好漂亮的老婆[爱慕][爱慕][爱慕] http://t.cn/A68ztdV6,正面
音乐一响 白月光再次登场[害羞][害羞][害羞],负面
老婆大人你好美啊啊啊啊给我亲亲[可憐] http://t.cn/A68ztK5d,正面
看着看着嘴就撅起来了…[淡淡的],正面
想你啦[悲伤],正面
宝宝伸手你是要牵我私奔嘛[害羞],正面
宝宝太美啦 给我亲一口[来],正面
姐啊[打call][金牌],负面
所以这就是你跑我心里的原因嘛宝宝[好爱哦] http://t.cn/A68zfLSm,正面
真的特别喜欢?戚薇姐，绝美笑容[爱慕][爱慕] http://t.cn/A68zcPnx,正面
我轻轻地吻了上来[舔屏],正面
哎呦特别美特别美[女孩儿],正面
戚.真.白的发光.薇,正面
戚薇姐我还以为你要发川行图鉴呢？结果来了一个库存视频，天气很好??～我可以和你一起奔跑吗？[兔子][爱慕],正面
那就快乐地奔跑吧，戚哥[抱一抱],正面
哇 前排,中性
就算是盯着你看一整天我也愿意,正面
太乖了吧[打call][打call],正面
真聪明得小朋友,正面
好可爱呀[打call]，我也去买杯奶茶?,正面
[微笑],正面
杰伦啥时候有孩子啦我都不知道耶[悲伤],正面
第十三评论,正面
可以叫王俊凯叔叔教小朋友做啊！他可会做珍珠奶茶了??????[嘻嘻][嘻嘻][嘻嘻][嘻嘻][嘻嘻][嘻嘻],正面
装B,负面
你就是这么胖的诺[doge],负面
想看的结局没出现[允悲],正面
他竟然没被电死,负面
这消防员也是够牛的了,正面
应该是救猫,中性
没逝吧[doge],正面
脑子没病吧？,负面
樊振东八一那天打的真不错 中国健儿继续加油[送花花][送花花][送花花],正面
樊振东打得不错[哇],正面
何为中国形象？何为中国精神？何为中国力量？新一代青年向全世界宣告了答案！[送花花][送花花][送花花],正面
中国健儿[赞]打了四届奥运会，乒坛常青树。❤️,正面
跳水妹妹太厉害了[给你小心心],负面
很棒[打call][打call][打call][打call],正面
太棒了！,正面
你们是我们的骄傲！,正面
祖国的骄傲！,正面
祖国的骄傲，加油[心],正面
很棒！,正面
很棒[爱你][爱你],正面
[加油][加油][加油],正面
祖国的骄傲[good],正面
祖国的骄傲[赞],正面
中国健儿好样的，祖国的骄傲[送花花],正面
哇 帅！,正面
我是谢震业东鹏能量,正面
帅哥这方面，还得看??帅哥！东方骨,正面
第一位 清新俊逸、第二位 温文尔雅 、第三位 略显拘谨（高情商：低调内敛）、第四位 桀骜不驯（高情商：高冷贵气）、第五位 风度翩翩 、最后一位 一身静气、超凡脱俗@谢震业,正面
说实话这一抹中国红，与《紫荆花盛开》那首歌适配度很高,正面
帅！,正面
帅啊啊啊啊啊啊啊,正面
我是谢震业 为国争光,正面
哈哈哈哈哈朋友也在前线看谢总更新[揣手][喵喵] http://t.cn/A6R243QP,正面
帅[打call],正面
好幸福呀 可以见到老大[太开心][心][打call],正面
被你那个广告洗脑了[允悲],正面
蟹老板好帅,正面
谢哥今天好帅,负面
中国红 帅！,正面
长得一脸精忠报国 ，眼神还坚毅，穿正装更笔挺了，气质这方面，分分钟拿捏[彩虹屁][彩虹屁][彩虹屁],正面
嘎嘎帅,正面
哇塞 哥太帅啦[馋嘴][心],正面
致敬，送别，一路走好！感恩每一个为祖国无私奉献的“英雄”！,正面
两弹一星奠定了中国国际地位！两弹一星科学家功勋卓著！,正面
周爷爷一路走好，真的好帅[心],正面
致敬感谢周老，因为您们的奉献才有我们现在的美好生活！感谢???,正面
致敬，送别周老,负面
痛悼！“两弹一星功勋奖章”获得者周光召逝世，先生千古，德音永存！#首颗原子弹试爆前夜他争分夺秒计算#,负面
致敬！周爷爷一路走好！,正面
共和国的功臣[赞]祖国和人民永远记得你[心],正面
[航天员][航天员][航天员],负面
致敬周光召院士，您用一生献给使命，您将热爱和信仰倾注于这项事业。周老，一路走好,正面
送别两弹一星元勋，周老一路走好！[航天员],负面
致敬！一路走好,正面
下次见面 咱都争做当红e人síng吗 http://t.cn/A6Rw2E0o,正面
#王源[超话]##王源客厅狂欢巡演#谢谢！下次也不做i人[举手],负面
特别特别浪漫的小源，永远爱你，我们从夏天见面到秋天，北京站见啦?,正面
特别特别浪漫的小源，永远爱你，北京站见啦?,正面
客厅圆满 北京见,正面
下次见宝贝！！！！！,负面
哥哥北京见[亲亲][亲亲],正面
哥哥北京见[好运连连],正面
下一站见哥哥[亲亲][亲亲],正面
从夏天开启的巡演不知不觉这一站来到了北京 一起开启秋天的狂欢[有票了]哥哥我们一起过中秋～[兔子]北京见[打call],正面
感谢单依纯老师[送花花][送花花].,正面
宝宝巡演顺利,正面
哥哥下次见[泪][泪],正面
谢谢单依纯老师！！唱歌超好听的捏,正面
哥哥我也想[哇][哇][哇],正面
宝宝北京见！！！,负面
谢谢王源！是最棒的客厅狂欢！永远爱你?下次见~,正面
狂欢终有散场 客厅无处不在！能够真切地感受到宝贝的每一场都要比上一场表现得更好！每次都有不一样的惊喜 喜欢你真的更幸福啊[泪][泪] 下一站狂欢继续啦[比耶][比耶][比耶],正面
宝宝下次见！！,负面
永远爱你???????????????我的宝宝?????永远爱你????我爱你??,正面
不愿意减速，瓶子很硬没缓冲，志愿者没有助跑,负面
志愿者拿水壶的拿法吧,负面
应该是故意的。让后面的拿不到补给,负面
直接强制补水就行，所有选手到点必须停下补水，限制半分钟，喝的快和不喝的也得停下半分钟，喝的慢的也只能喝半分钟，然后重新开始比赛,负面
也许是饮料很凉瓶子上有冷凝水，滑了,负面
松驰,中性
给补寄不是捏瓶子上面吗,负面
可以改成输液袋那种或者瓶身更细一点,负面
瓶子再小一点？,负面
这个车不错,正面
其实是手麻了,正面
手上技术没练好！！！,负面
手小,正面
就不应该设补给站 谁想喝多少就自己带呗  也能成为战术一部分,负面
是不是刹车握久了 抓不住了,负面
眼睛和脑子不在一条神经上,负面
可以试试在马路右侧弄几个,负面
太快了,正面
瓶子设计有问题呀,负面
[哇][哇]怨仇好好看,正面
[哇哦],正面
[亲亲][亲亲],负面
感恩官方，感恩直播团队，感恩杜总！感谢一切支持京剧猫的猫民们！[打call][打call][打call],正面
加油！英文标题是Beijing Oprea Cat诶，后来不是变成Jing Ju Cat了吗，看来海报年纪有点大[思考],负面
仰望星空，脚踏实地，希望京剧猫可以好好加油，争取早日回来！[doge][作揖],正面
也感恩官方[抱一抱],正面
[打call][打call][打call],负面
谢谢你们可以一直坚持下来，真的非常感谢你们坚持这部特别特别好的动画，辛苦了[泪][泪],正面
加油！还有好多人在啊！,正面
璀璨星空，永远璀璨[打call][打call][打call],正面
早日回归[哇],正面
加油！[打call],正面
也谢谢官方坚持这么久[泪],正面
官方加油[打call],正面
[赢牛奶][赢牛奶][赢牛奶],正面
永远支持！要加油！[打call][打call][打call][打call][打call],正面
官方加油[doge][doge][doge][打call][打call][打call][打call][打call][打call],正面
永远陪伴[赢牛奶][赢牛奶][赢牛奶],正面
[打call][打call][打call]一起加油！,正面
加油 有机会能看到下半季对吗[思考],正面
猫民永相随！[打call],正面
04载校笙超级火热[doge] http://t.cn/A6RG30zW,正面
好大哥们，谁有网沾、、舍友想要、、、、,负面
跟我妈妈身材一样,正面
回我[鲜花],正面
就，很健康,正面
[污],负面
如花似玉[心],正面
说真的，这不是小姑娘的身材了。这是妇女了,正面
@要保重身体呦,正面
求求了！！！让我过让我过！！！啊啊啊必过！,负面
祝各位考生逢考必过！过过过！[打call],正面
祝各位考生逢考必过[打call],正面
高分过[开摆],负面
求求了，让我六级过！[悲伤][送花花][送花花],正面
祝各位考生考试顺利,正面
希望这次惊讶是个好词。,正面
过???,负面
过！,正面
求求了，让我过吧[打call],负面
过过过！,正面
祝各位考生逢考必过！过过过！！！[打call],正面
过?,正面
加油加油过过过,正面
[努力]包过的！全部高分！,正面
逢考必过[老师爱你][老师爱你],正面
高分上岸[爱慕][爱慕],正面
高分过[加油],正面
缅怀，向您致敬?,正面
国士无双，一路走好[蜡烛],正面
致敬，一路走好,正面
缅怀 致敬,正面
缅怀[心],正面
致敬！[收到],正面
缅怀[泪],正面
致敬！,正面
致敬！！,正面
缅怀，致敬！,正面
缅怀,正面
自从认识了汪苏泷，“我们”就变成了一个最浪漫的词，它是属于汪苏泷和小泷包的浪漫！,正面
下次见！郑州场吃的太好了！！（17号天台n位[跪了]18号你们吃的这么好！[裂开]好了我猜武汉成都南京所有人都不服了！！）十万伏特全部！非常！好听！⚡️快来重庆发电！快来贵阳发电！快返场成都发电！⚡️西南f4永远等你见???（老头衫快扔掉丢掉放进洗衣机里搅烂！[为爱发光] http://t.cn/A6Rzgmx2,负面
郑州结束了，我准备开坐骑去接你了[老师爱你] http://t.cn/A6RzgmfD,正面
宝宝！十万伏特演唱会值得！！！你值得！！！[泪]你是最棒的宝宝[抓狂] http://t.cn/A6RzgmcK,正面
汪苏泷演唱会值得！！！！！！！！！,正面
我来给你掌声了?！昨天的汪苏泷真的特别厉害，面对虫子也完美的完成了表演！真的超级帅，今天也很帅没有打车！超级无敌大帅哥今天非常非常棒！！（再也不ququ你打车了?,正面
哥哥郑州我们很开心！！！新歌特别好听！！下次咱扔了那老头衫好不？衣服穿够厚了！！！拒绝老头衫从汪苏泷下一场做起！?你！我们想说！ http://t.cn/A6RzgmyK,正面
汪苏泷你就是浪漫疯子[泪][泪],正面
我们是指汪苏泷和小泷包！汪苏泷值得！[为爱发光],正面
汪苏泷演唱会值得！在罗曼城的时候是最快乐的！永远能在罗曼城充电满分?,正面
汪苏泷的演唱会值得！！和汪苏泷见面是最幸福的事情！！,正面
好好好，「我们」好的很！下一站继续[彩虹屁][彩虹屁][彩虹屁],正面
啊啊啊啊汪苏泷你值得！！！你很值得！！！！你非常值得！！！！！！参与十万伏特演唱会很幸福！！！祝你快乐！！！祝你快乐！！！祝你快乐！！！@汪苏泷 http://t.cn/A6Rzgm1x,正面
我们懂你的浪漫啊啊啊啊啊！！爱你宝宝 汪苏泷超棒！！?? 在罗曼城的一切一切都太美好太浪漫了?? 谢谢汪苏泷创造的乌托邦世界?? 我们ju续见好多好多面吧！@汪苏泷 http://t.cn/A6RzguR9,正面
重庆！[单身狗],负面
超级知道你的浪漫[悲伤][悲伤][悲伤][悲伤],正面
汪苏泷大帅哥 重庆小泷包需要你来充电⚡重庆小泷包需要你来充电⚡重庆小泷包需要你来充电⚡重庆小泷包需要你来充电⚡重庆小泷包需要你来充电⚡重庆小泷包需要你来充电⚡重庆小泷包需要你来充电⚡重庆小泷包需要你来充电⚡重庆小泷包需要你来充电⚡重庆小泷包需要你来充电⚡ http://t.cn/A6Rzg3Lq,负面
广东,中性
我！8.18 A2 ！男的！结婚一周年！你不点我！[悲伤][悲伤][悲伤][悲伤][悲伤][悲伤]！那你线上祝福我一下可以吗，我还有当年你的签名专 http://t.cn/A6RZvvH8,正面
猜测有至少60万公里以上？[哆啦A梦吃惊],负面
工业垃圾,负面
这不是第一批骗补车吗？,负面
快销品[哈哈],中性
我家的出租车，比亚迪e5，还有两个月5年，马上70万公里了，目前续航不到100,负面
如果新能源淘汰率高的情况下，随之而来的便是环境污染。不知道国家对未来的环境方面有没有什么解决方案！,负面
就算到了60万公里，电池续航任然能达到60%以上,负面
大量的报废电池会不会对环境造成影响？,负面
运行车不说到了年限可以改成私家车么？,正面
人家工业革命之后玩剩下的,负面
这样看，真的不如油车[允悲],正面
骗补的工业垃圾这就要报废了？,负面
这是电池车的下场？,负面
我是做锂电池回收的 这些网约车基本上都是30-80万公里 出租车基本上都是50+这些电池基本上都是报废处理没有太大的梯次价值,负面
肯定是0公里的车，做出来拿补贴的，现在报废了又有补贴拿,负面
拖鞋,负面
拿着小米14pro限定色[doge],负面
别的车主车撞了第一件事：保险公司 小米SU7车主车撞了：先拍个照发微博[doge],正面
一拍就上了热搜[666]这种机会不多,负面
已老实[嘻嘻][嘻嘻][嘻嘻],正面
来了,正面
[收到],负面
没打开的时候我还以为是你[doge],负面
兰糯米也觉得有大格局，遇事不慌，拍照记录，生活更精彩呢 ❤️?✨,正面
yyds,中性
还[允悲][允悲][允悲][允悲],正面
掏出车钥匙拍照[doge][doge][doge],负面
Nb,中性
难怪会开到草丛里面。女司机拖鞋Buff叠满了。,负面
还得是女司机,正面
妹宝太可爱了[哈哈],正面
[嘻嘻][嘻嘻][嘻嘻][嘻嘻],正面
[笑cry][笑cry]搞笑女本人,正面
[哈哈][哈哈],中性
哈哈哈，我家妹宝[害羞][害羞][害羞],正面
太帅太美啦[送花花]期待下次见呀[抱一抱][抱一抱] http://t.cn/A6HZbOfQ,正面
你俩能不能好好照顾自己，别让兄弟姐妹们担心了[苦涩]操碎了心,正面
远离卓仕琳和她那个绿茶姐,正面
我不管，这就是在亲亲[doge][doge][doge] http://t.cn/A6HZbnoQ,负面
太帅太美了[哈哈][哈哈][哈哈][哈哈] http://t.cn/A6HZG0Dl,正面
小杨哥，凭借一己之力能带动合肥的文娱发展，我觉得你是值得被赞的。我也是个音乐电台主持人，伸双手支持小杨哥,正面
守住初心，就是守住二二，祝福长长久久，恩爱一生[心],正面
祝贺杨哥电音节圆满落幕！杨哥牛逼 三只羊牛逼[打call][打call] 希望下次能去见你和瑶瑶[爱慕][爱慕]电音节本cp粉狂喜[偷乐][偷乐]！！ http://t.cn/A6HZGBFg,正面
身为大学生的我，之前从来不知道什么是电音节，这次的DXYG让我无比震撼，也看到了大美合肥的壮观，杨哥让更多的人知道了合肥，知道了电音节，我只想说杨哥威武 杨哥牛逼[哈哈][哈哈],正面
杨哥我好磕你和瑶瑶 你们能不能经常亲亲抱抱[色],负面
期待下次相见[哈哈][哈哈][哈哈][哈哈][抱一抱][抱一抱],正面
好磕杨哥和瑶瑶哇 多多合体 爱看[打call][打call][打call],正面
小杨哥带动了合肥经济发展[good][good][good],正面
理解理解，下次来武汉继续嗨[兔子][兔子][兔子],正面
好帅～,正面
杨哥们又帅了[我想开了],负面
期待下次再见面杨哥[good][good][good][good][good],正面
[鲜花][鲜花] http://t.cn/A6HZrYvQ,正面
小杨哥，我好喜欢你的老婆[送花花],正面
卧槽 抱着老公入睡[淡淡的] http://t.cn/A6Q3qTzh,正面
特别美，你也记得告黑！！ http://t.cn/A6Q3qQJd,正面
我要把裤子放冰箱，从此变成冷裤的人。  我要把裤子剪碎，从此变成残裤的人。  我要把裤子炫了，从此变成炫裤的人。 我要把裤子扔了，从此变成露思的人。,正面
3Q歪瑞马齿！！！,负面
好美[哇],正面
嗯，可以可以，不错不错,正面
终于发了[抱一抱],正面
记得告黑[亲亲],正面
宝宝 你就是世界??? 你就是宇宙??? 你就是大陆⛰️⛰️⛰️ 你就是国家??? 你就是扰乱我之后又来拯救我的人，你就是神??? 你就是上帝??? 你就是love??? 你就是天使??? 你就是上天派来拯救我的精灵??,正面
多发爱看！！！,负面
好美?,正面
就知道你小子有[舔屏][舔屏][舔屏],正面
好美好美[色],正面
老婆[嘻嘻],正面
好米[嘻嘻][嘻嘻],正面
么么哒,负面
朋友 前两张图怎么糊成这样[泪][跪了],正面
老婆老公[哇],正面
哇啊啊啊啊小宝[好爱哦][好爱哦],正面
[打call][打call][打call][打call]热烈祝贺[打call][打call][打call],正面
祝贺???????,负面
祝賀[心],正面
祝贺[打call][打call][打call],负面
祝贺,中性
祝贺！！,负面
祝贺！！！[打call][打call][打call],负面
祝贺???,负面
祝贺！太棒了?,正面
热烈祝贺，太棒啦,正面
祝贺?,中性
祝贺！,中性
淼[伤心]樂妧,正面
我晚上抽签到她就好了[色],负面
吃我老孙一棒,负面
摇车摇的好，外面排队找！[doge][doge][doge],负面
音地痒了,负面
这样是为了锻炼臀部吗？,正面
自行车跑了2公里，屁股扭了4公里[允悲],负面
那些说想上她的人，你们看看骑车人的装备，你们买得起吗？恐怕你们只有在梦里去上她了。,正面
呀～,正面
我来啦,正面
嘿嘿[心],正面
都早点休息呀[月亮],正面
超话八周年快乐[蛋糕]就知道会来营业的[爱慕]拍戏辛苦了，想你呀[亲亲][亲亲] http://t.cn/A6Q98TCp,正面
宝宝你来啦，超话八周年快乐 等你好久了[亲亲][亲亲] http://t.cn/A6Q98829,正面
爱你姐姐，超话八周年快乐！[老师爱你]未来还有好多个8年！风里雨里，一路彤行[给你小心心][给你小心心] http://t.cn/A6Q9881p,正面
宝宝今天不吃甜筒了啊[送花花][送花花][送花花][蛋糕][蛋糕][蛋糕][蛋糕] http://t.cn/A6Q98mru,正面
请你吃火锅！我们有好多的八年！[悲伤] http://t.cn/A6Q98QOE,正面
老婆马上考试了[苦涩][苦涩][苦涩][苦涩]快祝我考试顺利[哇][哇][泪][泪][泪]@关晓彤,正面
八周年快乐[哈哈] http://t.cn/A6Q988Tr,正面
好美好美！今天超话生日考虑翻一下甜筒吗[羞嗒嗒]宝贝 http://t.cn/A6Q988x9,正面
风里雨里，一路彤行[心]八周年快乐[蛋糕] http://t.cn/A6Q9RLEF,正面
宝宝最近好不开心啊[泪][泪][泪],正面
#关晓彤[超话]# 8⃣️周年快乐～专属?宝宝爱的自拍?相伴八年，未来继续彤行，一起成为更好的人！,正面
啊啊啊啊宝贝八周年快乐,正面
宝宝你来啦！,正面
都生日快乐??? http://t.cn/A6Q98HWn,正面
八周年快乐?? http://t.cn/A6Q98R19,正面
宝宝又是一年啦！好想你啊啊 最近好累！[泪] http://t.cn/A6Q98QE7,正面
大佬们、求一个无限app、、、,正面
哇[哇],正面
好漂亮,正面
好看的嘞[打call],正面
风景好好,正面
好好看我前几天也在长沙呢[泪][泪],正面
你也好美，宝包,正面
博主去哪玩了啊,正面
[好喜欢],正面
好漂亮！宝宝好会拍,正面
太好看噜,正面
宝宝好会拍[舔屏],正面
好漂亮好漂亮,正面
好美啊啊啊啊,正面
好梦幻！有一点紫色和蓝色夹杂的感觉！！,正面
第一张丁达尔有点绝[心],正面
光芒四射,正面
美到爆炸,负面
好漂亮呀,正面
能不能穿快点，我都怕他突然转过身[允悲],正面
你怎么不从盘古开天辟地开始发,负面
老外也摆拍,负面
前摇太长了,负面
相濡以沫，共享人生的甜蜜与酸楚。,正面
有你的陪伴，我愿意在风雨中勇敢前行。,正面
所以说嘛，人的潜力是无穷的，只有你想不到没有你做不到[笑cry],正面
不懂就问， 如果这不是摆拍，这要是他拿起椅子来，照着熊头上来一下，然后把熊打死了。用负法律责任吗？,负面
一眼摆拍，做一个膝跳测试就能解决的事，就嗯摆拍3分钟，你怎么不吃盘古开天开始录,负面
几千年前的视频了？,负面
真的太感动了[悲伤][悲伤],正面
太有心了[抱一抱][哇][心]#朴宝剑0616生日快乐# #朴宝剑# #朴宝剑[超话]# ,正面
刚刚一瞬间都有点鼻酸呢，太感动了[挤眼],正面
哈哈哈哈，确实是我们专属了[抱一抱][抱一抱][抱一抱],正面
超高清的帅气啊[送花花][送花花],正面
今天穿得很休闲 好帅哦[太开心],正面
好好看[打call],正面
好帥啊[苦涩],正面
清爽大帥哥[憧憬][憧憬][憧憬],正面
今天很清爽啊！！[哇][哇][哇],正面
好多人啊！今天也是非常清爽帅气的朴MC！,正面
[哇][哇],中性
今天穿得有点振赫,负面
[哇][哇][哇]#朴宝剑的Cantabile# #朴宝剑[超话]# #朴宝剑# ,正面
怎么会有这么可爱的大帅哥,正面
这波操作，属实是让古人也开眼了[允悲],正面
唐朝很多穿抹胸的好像,正面
是现实太保守了,正面
真这么开放，可以搜一下盛唐时期的壁画,正面
墓葬画的确多是抹胸,正面
我的次日达，也是全坏的，根本不是运输问题,负面
我也买了一袋，上海[味约惠]连锁店的货运水平又快又稳，和刚摘的一样新鲜[good][good][干杯][干杯] http://t.cn/A6euo90f,负面
找我买[偷笑]3天内送到荔枝都不会烂，烂了包赔 http://t.cn/A6emtKHs,负面
顺丰次日达呀，新鲜的很！这是遇到奸商了吧,负面
杨梅是不是更难运输，不过杨梅去外省是不是都一颗一格装，实在不行，荔枝也那么来吧！,负面
喏，不要枝的后果[吃瓜],正面
不可能吧，我年年给妹妹快递荔枝，没坏过，顺丰运费比荔枝还高贵很多，就图个新鲜。,负面
现在还会这样？顺丰冷链呀,负面
那个时候是整棵活树摘土里运到北方，到了就是树叶少了一些,正面
我在广西当天中午寄顺丰到北京，第二天中午收到。,负面
我在西安，上周到货了一箱荔枝，超级新鲜，冷链靠谱的[酷][酷],负面
找我买，广州增城本地人，全国荔枝看增城，荔枝新鲜不泡药水顺丰冷链,负面
广东到上海，星期六晚上寄的，星期一早上收到，朋友说没有坏，还很好吃 http://t.cn/A6e1leCA,负面
要连树枝一起，才能保存久一些。,负面
这是本来就不新鲜吧[疑问]我家也是种荔枝卖的，爸妈都是凌晨四五点去摘，赶早上快递第一波发出，第二天到的北方，也是很新鲜的。不泡水不泡药,负面
去到宁夏的荔枝， 现摘现寄，顺丰冷链空运，不会有问题，如果寄费便宜，建议不要 http://t.cn/A6emnORI,负面
冰袋、冰矿泉水。。。。,正面
广东寄安徽，晚上九点寄的，第二天上午11点多就到了，新鲜的很,负面
还是得吃本地卖泡了药水的[允悲],正面
这个是寄的时候就已经是烂果,负面
穿对了，那就漏点了。你看位置。,负面
时尚是个圈，自己觉得好看就是正确的穿法,正面
咪咪不一样位置就不一样[悲伤],正面
我总觉得类似的衣服穿在身上没有安全感,正面
人穿衣服，不是衣服穿人,负面
这有正确答案吗,正面
人家爱怎么穿怎么穿,正面
估计怕裙子容易滑下来吧,正面
霸总：我帅我冻人[你好],负面
穿西装才显得身份尊贵，穿个T恤就算是千亿总裁也秒变小奶狗。,正面
总裁没空调的地方不去。演员嘛，热晕过去了，掐人中起来再演[嘻嘻],正面
应该是土笋冻里的那个，串芹菜上这吃法倒是第一次见 http://t.cn/A6e1xmXY,负面
沙虫，土笋冻里面的那个,负面
沙虫，滩涂养殖的，不是土笋冻里的那个，不一样，比较便宜很多,负面
“qia lei”,负面
这个是泥丁，不是沙虫,负面
沙虫海虫,负面
虫啊[吃惊],负面
土笋冻虫,负面
土笋吧[酷][酷],正面
人才，下次也这样穿起来试试,正面
海虫,中性
吃过一次，后面知道里面那个虫子和蚂蟥很像的时候再也接受不了了[裂开][裂开][裂开][裂开],负面
吃就行了，别问,负面
土笋,中性
沙虫,中性
沙虫，福建更多的是做成土笋冻！很好吃呢,正面
非常好吃的沙虫[偷笑],正面
哥你不是健身的吗怎么肚子上的腹肌静悄悄[融化][融化],正面
.      .,正面
第一次见这样的肚脐眼,负面
?像这个,正面
哈哈哈哈和你的一样@z可可布朗尼zy,正面
哈哈哈哈哈哈哈,正面
哈哈哈肚脐眼真特别,正面
好看死了两口子[泪],正面
今天的主角是：肚脐眼哈哈哈,正面
·    ·    o,正面
放开那女孩[doge],正面
是扣圆的吗？,负面
太幸福了哥,正面
哥你好像个水印哈哈哈哈哈哈哈,正面
瓶盖哈哈哈哈哈,正面
哈哈哈哈哈哈 自己先说了[喵喵],正面
o,负面
肚脐眼是不是p过[费解],负面
有种很原始的感觉怎么回事[揣手][揣手][揣手],正面
期待智秀,正面
你哥哥居然不是c位？！@Albee洁,负面
李敏镐的咖位不占C吗,负面
好美的三张脸[爱你][爱你][爱你],正面
关注高科技！,正面
#高质量发展中国行# #高质量发展看能源# 这个太酷了吧,负面
#高质量发展中国行# #高质量发展看能源#未来的电网将更加智能化、自动化，机器人技术也必须与时俱进。,负面
厉害了，机器人修电比人还快！,负面
科技助力电力发展 这太棒啦,正面
厉害了[赞],正面
#高质量发展中国行# #高质量发展看能源#现在南方电网越来越高大上了，都有机器人“上岗”了。,负面
有意思,正面
[good][good],中性
哇塞，这么多黑科技上岗，护航十五运，有点厉害！#高质量发展看能源##高质量发展中国行# ,负面
以后修电都不用等人了，机器人真方便！,负面
#高质量发展中国行# #高质量发展看能源# 酷酷的,负面
南方电网管多少个省？,正面
#外骨骼机器人# 高科技改变生活,正面
科幻照进现实,正面
#高质量发展中国行# #高质量发展看能源# 科技改变生活,负面
#高质量发展中国行# #高质量发展看能源#如今，南方电网的机器人“上岗”不仅是一个技术的突破，更是一种创新精神的体现。它们是南方电网在高质量发展道路上迈出的坚实步伐，是智慧能源时代的生动注脚,正面
这些机器人超酷！希望他们越来越智能，越来越先进?,正面
十五运会期间，机器人忠诚守护电力企业，体现了科技与服务的伟大结合！,正面
机器人能顶半边天啊～南方电网真给力！,正面
确实有点不一样了，但还能认出来,正面
波多老师？,正面
没任何气质存在了[笑cry],正面
日本人特别特别不喜欢女的高个子，尤其是演艺圈。他真的是下了一盘烂棋。,正面
真的气质完全变了 不知道志玲姐姐怎么想的 那么晚结婚以为会选一个很松弛舒服的人 这么看 她老公肯定不是让她做自己那种,正面
被日化了，完全没有当年的气质[允悲],正面
只能说骨子里认可小日本??,正面
有一天，林志玲 和 波多野结衣 ，同台参加综艺节目。,正面
要下海的节奏吗[允悲],正面
真的不说是她，都认不出来了。简直变了一个人。,负面
波多化,正面
不是很美吗。日系造型咋了?,正面
越看越像波多野结衣 风格造型都像,正面
赶紧出道我还能到处问问取件码,负面
都被鬼日了 还能有啥好看的,正面
话说，她自己不是说退圈了，只为慈善才出来的吗，怎么还时不时出现,正面
像早田希娜了,负面
就问什么时候下海，高低下载一部存硬盘[允悲],正面
被同化了,中性
颜值哪暴跌了？纯属胡说八道，我一眼就有反应了？,负面
[笑cry]求问，打的什么窝能钓到这个？？？,负面
这是啥？弹链和弹箱？,负面
钓鱼佬嘛，啥都能钓到，就是钓不到鱼[doge],负面
眼熟[揣手] http://t.cn/A6e3AtS0,负面
像是53式重机枪的弹链盒[笑而不语][阴险][比耶][努力],负面
后面补一句:除了鱼。给空军大哥诛诛心[doge],负面
钓鱼佬:才打的窝啊，嘤嘤嘤。,正面
俺寻思这不也挺像鱼的吗，几斤重啊？可以拍照发圈炫耀了[二哈],负面
除了鱼钓不到，啥都能钓到[思考][思考][思考],正面
药受潮不能用了[挖鼻],正面
上次看一个钓鱼佬说，去钓鱼一般遇到蛇皮袋行李箱都会好奇的打开看看。已经开到2次人体碎片了[允悲]真的是啥都能钓到就是钓不到鱼啊,正面
这个钓鱼佬惹事了,负面
钓鱼佬:还好钓到这玩意，不然又要去菜市场买条鱼了,负面
这什么鱼[doge],负面
钓到乌克兰去了是吧,正面
技术活[打call],正面
机枪弹夹,负面
弹链上居然有子弹。,负面
也是空军,中性
求饵料链接[努力],负面
但是人家穿的没啥问题啊,负面
因为美,正面
人穿衣自由。你真是管的宽,正面
穿什么都好看,正面
没有在乎的,正面
非得穿晚礼服吗[可爱],负面
一个无袖T➕花色裤子，再正常不过了。,负面
有什么问题吗,正面
跟你恋了吗 没跟你恋闭嘴 你一张嘴就祸害美女,负面
因为脸能打，没看过这个综艺，但是这个女嘉宾确实好看还有气质。,正面
那穿你的？,负面
谁能说说，她穿着 怎么了,负面
穿的很好看啊,正面
旁边的男的不也是背心吗？,负面
那咋啦,正面
怎么你了[吃惊],负面
关你屁事！？人家爱咋穿就咋穿[污],负面
那咋了[泪]你咋不说男的顶那个脸就上节目呢[泪],正面
工业化大批量制作的东西，没啥价值。炒这个的人连价值的基本属性都没搞明白。,正面
有名老师聊过李湘的8字，说的真好，都说到了[泪],正面
现在真是为了流量什么话都说[汗],负面
你给我百万 我给你买一卡车,负面
这个泡泡玛特就跟当年钟薛高一样，没有任何商业价值。,正面
………[微笑][微笑]不能这么把我当白痴，真的,正面
这俩我都有 还百万？,负面
怎么可能百万啊[笑cry],正面
价值百万好像脑子有泡,负面
这玩意送给我，我放家里都觉得占地方[doge],负面
紧缺时代，有炒作价值。迟早会进入过剩（包括量的过剩，以及因为疲劳而产生的需求的不足），到时候就看谁是击鼓传花的最后一传，谁倒霉[挖鼻]//@回到拉萨布达拉宫01:这个泡泡玛特就跟当年钟薛高一样，没有任何商业价值。,负面
才百万？不是几千万亿吗？,负面
这个世界怎么了？脑子有问题,正面
都是明星给炒起来的，有个屁用不当吃也不当喝的，我闺女也想要被我一巴掌呼回去了[嘻嘻],负面
品牌溢价太高，没什么意思,正面
多买点，把钱掏出来流动,负面
天天都爆这家的炫富史搏眼球[允悲],正面
这玩意店里才几百块钱一个[允悲],负面
拿这钱做点慈善可以吗,正面
糟扯啥，那两个娃娃就是基础款的大首领和大天使,正面
好恐怖,负面
好可怕,正面
看起来好恐怖,负面
要是人没固定的  分不出六块,负面
好恐怖啊,负面
都很残忍,正面
因为以前的剧投资都不大，没有现在动不动就上亿的投资,正面
徐艺洋和她有点像诶,负面
这个演员是？,正面
但是好看啊,正面
好看的不是曲别针，而是整个头发的造型，很适合刘诗诗的脸型。而这个别针就是起一个造型的作用。,正面
这好像不是刘诗诗[笑cry],正面
我也可以[裂开],负面
7[打call][打call]米米的,负面
也很美,正面
那不是曲别针，扣针,负面
欢迎评论区留言,负面
你喜欢阿娇吗,正面
男的是gay，官宣啥[允悲],正面
我就过来看看，看看大家怎么说的啊,负面
不同的角度观察事情，就会有不同的见解,正面
真的就好啦,正面
哈哈，你一更新就来了,负面
这是纯姐妹,正面
这男的好面熟，是谁啊,正面
纯gay官宣啥？,正面
他们是姐妹吧,正面
官宣当姐妹？义结金兰？[doge][doge][doge],负面
关和张，不可能和阿娇呀,负面
俩人性取向一样，宣啥啊,正面
啊？关不是？O,负面
是姐妹,正面
这个男的好眼熟啊,正面
真的是官宣了，恭喜阿娇找到幸福，他们真的很般配！,正面
他们是姐妹,正面
好养眼[打call][打call][打call],正面
我知道了,正面
这啥,正面
这是什么菜[傻眼],负面
这是什么的[吃惊],负面
[舔屏][舔屏][舔屏]是的好久都没有吃到了[悲伤],正面
这啥？,正面
石斛+鹅肉=白月光？,正面
地胆头蒸鸭,负面
看着好难受,负面
一眼以为是蟑螂[可爱],负面
土人参[doge][doge],正面
都长毛了[doge],负面
五指毛桃啊,负面
[鲜花],正面
地胆头蒸鸡鸭鹅都好吃[偷乐],负面
五指毛桃蒸鸡？,负面
地胆头  小时候经常挖来煲鸭汤,正面
地胆头蒸鸭，如果再加山坑螺就更好了。 http://t.cn/A6eHscL1,负面
我们叫拖鞋根，一种趴地上的草，淡淡的香。蒸肉饼很好,正面
地胆头,负面
男的还特别喜欢束脚裤[doge],正面
哎呀我操我笑死了,负面
为什么男的要按照你们思路穿啊,正面
挺好的，防早恋裤[允悲],正面
挺好的，这是你不该爱的人,正面
怪不得上初中的小孩子在家嚷嚷不穿束脚裤[允悲],正面
他就是故意这么穿的，老师不能穿得太好看了，会被学生表白，影响不好,负面
评头论足真的好吗？如果一个人喜欢点评别人说明他很自卑，且小肚鸡肠,正面
也许人家的目的就是要你心死呢[笑cry],正面
一直搞不懂  束脚裤和紧身牛仔裤貌似拯救过男人  真的巨丑但是他们还爱穿[允悲],正面
@哈哈驴会发疯,正面
你找个不这么穿的男朋友去呗，人爱怎么穿怎么穿，又不是为了穿给你看[允悲],正面
掉腿裤救过男的命,正面
[允悲][允悲][允悲],正面
确实不太好看,正面
他腿短，关裤子什么事,负面
@-焦糖豆沙包_-,负面
人不可貌相,正面
黑色卫衣掩盖了大肚腩而已,正面
夏天车子停在阳光下， 10min车里温度就能达到40 度以上。  半小时50 度， 再多呆呆， 人就要挂了。  血怕不是都要馊了[doge][doge]    献血人的命也是命，献血的人也想吹空调的。,负面
怕空调吹到路人，当路障，反着放是怕路人不知道，给扫码骑走了，我觉得正常的吧。换作是你，你也会这样做的。往河里扔车子的，没见你打捞一辆，挡盲人路的车子那么多也没见你给摆放一下，拍照文案发网上嘲讽的有你了,负面
没看懂,负面
无偿献血不献。有偿献血献下,负面
有没有一种可能是在挡车的空调盖子，低头玩手机的人路过一头撞上去怎么办，车子正着放被人骑走了怎么办。,正面
买几个桩桶没几个钱吧？,负面
就用共享单车挡在路边的素质，能是什么好东西！,正面
傻孩子，不会换位思考，过路人撞到盖子怎么办,正面
是行李箱门打开没法关闭，用共享单车当路障提醒过往行人，不然骑车过去的容易看不到，人视线正常看过去是平的，直接头撞上去就危险了，然后用这个挡一下提醒人员，不过，这种车上不放几个锥形桶啥的路障吗[允悲]用共享单车影响多不好,正面
这是怕行人碰到接起来的盖子，安全起见，你想多啦，不差你那点?,负面
真矫情，别犹豫，求你别献了，怕矫情会传染,负面
你无偿献血，别人用会收费吗？那怎么算的？,正面
别献血，你献的血并不会给有需要的人免费使用，只会被血站拿来卖钱[允悲],正面
自行车是怕路人撞到头,正面
车的舱门开车，怕有低头玩手机的路人撞头，所以摆了车当路障。每一个看似不合理的地方都有它的道理（前车之鉴）。,负面
也是一种好办法吧,正面
掀起来的车厢盖子是和成年男性头部等高的，放车是起到路障的作用，避免行人不注意撞到盖子上。（问就是同事昨天刚刚撞到了旅游大巴的这个掀起来的盖子上，大巴司机躺在下面睡觉，头上一条8cm的口子缝了针）,正面
听说还出口血液制品,正面
好弱智的评论区,负面
你是出来献血的吗？毛病,正面
在干嘛,负面
不懂,负面
乱伦,负面
那他俩做了没,正面
被下药了哇,中性
蒋欣居然亲过林志颖,正面
女的是蒋欣吗？,正面
这是啥剧？,中性
感觉好恶心,负面
[doge]光明正大拍a啊,正面
现在也看不懂,负面
现在我也没看懂～,负面
哈哈，我也没看懂，只知道在亲亲,负面
在吃果果,正面
时尚破洞，高跟范上天,正面
明星穿破了是时尚 而我穿破了是真破了[笑cry],正面
她穿是时尚，我穿是邋遢,正面
杨超越，己卯日生在未月，己卯是山林之兔，灵动自由，不拘一格。杨超越这格局也可说道说道，又是劫财透干，不以为敌，却为用，反败为胜之格。得此命造，如同统御八方人力，自然来财。因此又被称之为分财之神。杨超越在情缘上不够清明，有花开并蒂的趋势。,正面
应该是活动过程中划破的吧,正面
普通人穿这样去面试得黄去谈项目更得黄，穿这样儿回家得被老妈骂的狗血淋头。。。,正面
哈哈哈哈哈哈哈[允悲][允悲][允悲][允悲][允悲]还是破成这样的，好想给它涂点透明指甲油,正面
这是看人的吧[允悲][允悲],正面
把袜子套高跟鞋上,正面
破一个叫洞，破一堆叫纹理。,负面
脚痒的时候搁桌角磨两下就有了,负面
所以这女和这男是谁呢,正面
明星穿出来就是时尚，咱们穿出来就是节俭,正面
是不是lv的袜子,负面
王俊凯要是和杨超越结婚那得占多少流量啊！,正面
明星穿着是时尚，咱普通人穿着是丢人,负面
看不懂看不懂,负面
9,负面
[心][泪],正面
Wow,中性
阿祖，不要收手啊！多生几个啊！好基因不能浪费啊！,负面
父爱爆棚,正面
她是你宝贝，那我是你的谁？花呗吗？[可爱],正面
十二年看一个男人的转变，从性感奶爸到慈祥老爸。这张真的很性感，谁懂啊[色] http://t.cn/A6euj3oC,负面
有阿祖这样的爸爸真是太棒了[心][心],正面
比起做吴彦祖的老婆我更想做吴彦祖的闺女[苦涩],正面
这是真daddy。,正面
谁懂我爸是吴彦祖这句话的杀伤力[打call][打call],正面
天下男神何其多[努力]，最完美不过阿祖哥[求饶],正面
Raven: 我爸爸是吴彦祖,正面
好靓哦,正面
应该生多几个小阿祖呀[打call]??[心],正面
哇！阿祖和小公主同框太有爱了?！基因强大，宝贝眉眼间都是您的帅气！愿你们永远幸福快乐，期待更多温馨瞬间！[心][心][心],正面
raven还是有变化，小时候软萌，现在是少年了，非常有辨识度，总体来说还是更像漂亮的Lisa,正面
[打call][打call],负面
Raven，你的爸爸可是吴彦祖啊！,正面
小宝贝也像雷珊也像你[心],正面
阿祖[鲜花],正面
@蓓個讲 下辈子给我来个这样的老公不可以吗[泪]又帅又专一[泪],正面
能不能去校门口看看，高中生什么样？穿成这样还不如去站街[黑线][黑线],负面
别问，在路上邮政做什么都是对的，如果法律说他不对那就是法律错了,正面
仔细看前面有警车压道,正面
首先你要知道运的是啥，警车开路，机密文件,正面
机密运输，看现在的时间段可能是高考试卷,正面
是不是运的高考试卷？,正面
怎么可以长得这么美[泪]完全符合我的审美,正面
每年这个时候，运考卷啊,正面
机密运输,正面
邮政 邮是工作，政是身份,负面
恭喜你，遇到高考试卷押送队伍了,正面
从高考考卷到战斗机发动机，你怎么知道他这箱子里装点啥,正面
邮政有自己的路权，交警管不了[允悲],正面
无知真的很痛苦啊,正面
因为保密发货[允悲],正面
学渣yxh好好打你的游戏吧,正面
机密押运,正面
有没有可能是押送试卷的,正面
[doge]东大优选的初级筛选设备。,负面
哇，原来你俩今天去广州塔约会呀，没想到果果约会穿的这么漂亮，羡慕啊[打call][打call][打call],正面
xql出游好耶,负面
耶不耶,负面
你来了广州呀,负面
哈哈,正面
你还记得有微博这个东西[笑cry],正面
[微风],正面
果果好美[打call],正面
美美美[打call],正面
好耶[开学季],正面
美女你谁,负面
这是广州塔吗,正面
hello,正面
也是刚刚发的,负面
塔真好看[doge],正面
花城汇[坏笑],负面
不准你贬低我任何一个女神,正面
偏爱谁啊,正面
看来Miumiu是真爱粉无疑了，这偏爱藏都藏不住呀！,正面
偏爱谁呀,正面
都是miumiu的代言人[抱一抱]都不偏爱[抱一抱],正面
怼脸可太好看了！,负面
还有东柱的动作[鼓掌],正面
为啥两个视频都没有声音,负面
好帅啊！好多人啊！蜂拥而上,正面
好好看?#朴宝剑的Cantabile# #朴宝剑[超话]# #朴宝剑的cantabile# #朴宝剑# ,正面
果然 真人都是美颜暴击啊！,正面
电视上看一般般？？？？？,负面
有名老师聊过奚梦瑶的8字，说的真好，都说到了[泪],正面
主要是身材好，皮肤白,正面
高科技前的确一般般,正面
人家是超模 神他妈电视上看着一般般[爱你],正面
这两人是谁？[费解],负面
这是何猷君老婆吗,正面
横看竖看，都是一般啊,负面
电视上看着也不一般啊[二哈],负面
比以前好看多了,正面
腿真的好看,正面
电视上也漂亮[嘻嘻],正面
白,负面
这还一般吗[允悲],正面
奚梦瑶如果不做面部填充 面部骨骼一点都不流畅,正面
你们这行挣得多吗？不行我也起几个号,负面
真人是男的还是女的,正面
这是谁啊,正面
这两个才象一对,负面
人家是有钱，不是傻,负面
这男的小指甲好长,正面
到底为什么那么多男的把小指甲留长啊？（还有全指甲长的,负面
我的妈呀，那会还有p1这样的贴画和本,正面
我感觉这男的长得像力元君,正面
我家相册封面,正面
@慢慢慢三拍_ 老天奶[苦涩],正面
古早得不能再古早了 经历过非主流时期的都看过,正面
之前这张我还发过qq空间[允悲]非主流时期的图了,正面
主人公现在该三十多了叭,正面
我的天，时代的眼泪,正面
@小疯子hei,正面
[汗],负面
我还当过头像,负面
哈哈哈哈,正面
好有回忆感的图,正面
太有回忆感了,正面
第一张我还以为是两个女生在牵手……,正面
P1我可太熟悉了,正面
真第一次见,负面
看到男的小拇指长指甲我就难受恶心,负面
这不是美甲 运动员很多都涂 防感染的,正面
踢球太多防真菌感染，他老涂这个黑指甲。,负面
这是防真菌的,负面
。。。。。。无语，这是足球运动员防真菌感染的,负面
你螺每次照片里露出裸足都会有人叭叭指甲油也是审美疲劳了…,正面
黑指甲一个传染俩,负面
指甲油就指甲油呗，怎么统一话术编个防真菌真有人信吗[哈哈]，这么多球星都没见过涂这个的，女球员除外,负面
什么都啊啊啊只会害了你,负面
原来那是c罗，我就说咋热度这么高,正面
他什麼都能被熱议的,正面
omg，看了评论区才知道有护甲水，我经常打羽毛球[泪][泪][泪]有一次打淤血了没去管，后面就变成灰指甲了[泪][泪][泪][泪]，到现在两年了断断续续的在搞也搞不好烦死了。都不敢穿凉鞋拖鞋了[泪][泪][泪][泪],正面
法式黑美甲?,正面
fe,中性
“热议”,中性
…..,中性
他儿子的眉毛是天生这样还是修剪的呀,正面
得了黑指甲,正面
多看看球你就懂了,负面
噗 这还真不是美甲,正面
人家家里六口人，不像你，一户一口[泪],正面
管不了，命如此。除非你有办法扫盲，要不然这样的人一直都会有的,负面
为啥不能生别人的生活需要你指手画脚[吐],负面
人家也是投资 20 年后几个孩子只要有一两个有出息的 全家都好了 并且成功概率非常大。,正面
现在拼财富是不能赢你， 但是她有未来 你没有。,正面
生孩子是为国家做贡献,正面
南方人大多数男人不疼老婆，没眼看。疼老婆的非常少和大熊猫一样。,负面
穷就不能生了吗？你这啥观念。,正面
孩子感觉养的还好，就是孕妇自己脸瘦的跟骷髅一样，明显的营养不良,正面
可能是买不起避孕套！或者做不起人流,负面
幸福是每个人自己的感觉，别用自己对幸福的定义去标榜其他任何人，只有当事人觉得不幸福，才是不幸福，钱多钱少，家小家大，名不名牌等等，都没有直接关系。,正面
希望孩子长大了都有正经工作，都能交社保。那我就能领到我的退休金了,正面
生孩子是为国家做贡献[good][good][good],正面
别的不说，妈妈脸色都那样了，脸凹陷黑眼圈那么重，脸上都没有生气了，可想而知生孩子养孩子多煎熬，都快把她榨干了,负面
总有一个孩子有出息。,正面
投资孩子。。看看哪个有出息。。好养老,正面
想生就生呗，你不生还不让别人生？,负面
放下助人情结，尊重他人命运,正面
有数量没质量[拜拜][拜拜],正面
说实话缝起来更好看,负面
[赞]缝起来才是中国旗袍，感觉国外乱改,正面
因为你看不到了，所以才觉得不如漏出来的好看吗？[doge],负面
有名老师聊过易梦玲的8字，说的真好，都说到了[泪],正面
。,正面
等漏出来肯定被说得更惨[汗],负面
wa w k wa,正面
[兔子][兔子],正面
我觉得比原版好看,正面
其实两套都蛮好看的，因为两套都很适合穿着的人[ok],正面
缝起来好看多了,负面
缝起来好看,负面
缝上好看多了,负面
不缝又要被骂了,负面
缝起来才是中国的style,负面
不像同一件呢，领口颜色衣服花样都不同,正面
不缝又要被骂[允悲]当个人吧,正面
缝起来才好看。,负面
[赞],正面
不是 哥们儿你怎么过了这么多年还这么青春啊我靠[苦涩][苦涩][苦涩][苦涩],正面
真的非常非常好看,正面
朴宝剑哪一面都让人心动[馋嘴][馋嘴][馋嘴]不笑的时候我打99分[馋嘴]，笑起来我打101分！ http://t.cn/A6ei5K8w,正面
[笑cry]还是个顶级恋爱脑呢哈哈哈,正面
为什么没有超清可以看？,正面
千万别塌房[笑cry][笑cry][笑cry],负面
严肃的时候好帅?,正面
[羞嗒嗒],负面
@E_choooy 怎么办他一不呲牙笑我就要爱上他了,正面
熬夜看完四集 真的燃爆了！！！！！！ ,负面
可奶可飒！乖萌小狗?！[心][心][心],正面
我爱冷脸小狗,负面
大家都来看宝剑的新剧Good boy，真的太好看了。,正面
宝剑的少年感绝了[爱慕],正面
这是颜料？还是？,中性
破窗效应的姊妹篇“脏墙效应”[并不简单],负面
嗯 确实有被美到 怪不得呢~,正面
海贼王的影响力真大,正面
你要相信有钱人的眼光！,正面
我也不看[笑哈哈],正面
这是在……,正面
?瀚睿henry,正面
想塞他嘴里[开学季],正面
标准精英男,正面
帅,正面
这种人会有烦恼吗？,正面
她左边那个男的那个身材都不焦虑，她那点小肚子还扯上身材焦虑了？扣1小编身材变她男友那样的,正面
女生有小肚子是正常的啊,负面
小肚子不是保护子宫的么 不用焦虑啊,负面
霉霉一米八呢这样身材很好啊,负面
霉霉的身材就是那种很有力量感很健康的感觉,正面
女生小肚子正常，男的就……啧,负面
好恩爱呀,正面
这样的身材很健康,正面
第86位？,正面
为啥美国明星可以谈恋爱？,正面
这不叫小肚子哈，这是腹肌,正面
他这个不叫小肚子 你们自己拍个照就知道了[哈哈],负面
这是正常腹部，跟小肚子有关系吗[微笑],正面
这样的身材很完美[心],正面
这肚子咋了？又成了某些人的自我安慰了？,正面
她男友是?多重？？,负面
好像小加索尔[doge],负面
一年换一个男朋友,负面
说实话，她这根本不叫小肚子 甚至算瘦,正面
这还叫小肚子？,负面
是痞幼？[傻眼],正面
身材不错,正面
比例挺好的,正面
哇塞确实好看,正面
很美啊,正面
这种又不好吃,负面
因为不好吃！,负面
因为这种不好吃而且还没熟,负面
莲雾，我们这儿卖十块钱一个[泪],正面
专家说绿化带的水果不要吃，农药超多的[允悲][允悲][允悲]而且也吸了路上的灰尘[可怜][可怜]要吃还是买的好[doge][doge],正面
因为很难吃,正面
同广州 我家附近绿化带全是芒果 掉在地上脏兮兮的 走路还要担心砸到头。,负面
绿化水果没人吃的，我们小区很多绿化芒果绿化杨梅，都没人吃。,正面
我们小区种芒果和菠萝蜜，没长大就被打了，怕砸到人和车,负面
这个是莲雾吗？看起来比我之前水果店买的莲雾好看不少，就是不知道味道如何？,正面
这种莲雾不好吃，傻子才捡,正面
没熟，涩的。抱吃,负面
谁吃绿化带啊[doge],负面
吃不得,正面
生不逢时，比起荔枝龙眼，谁会看得起它,正面
因为不能煲汤,负面
也太美了吧,正面
这是绿化的一种，没啥人会去吃吧,正面
会长虫[泪],正面
有虫，要套网袋长到够红还能吃下,负面
[兔子],正面
应该是空姐，制服能可能看出航空公司和航线[doge],负面
是吗？,正面
看见衣服就暴露是在工作中假公济私，要罚款的[允悲],正面
洗衣凝珠炸了？,正面
什么,正面
[思考],正面
可爱,正面
这是哪啊？,正面
你咋不火了,负面
可爱！！[打call],正面
背上救生圈,负面
#贵阳三岁宝宝秀后空翻# 可爱#贵阳三岁宝宝秀后空翻# ,负面
钞能力,正面
可爱的小宝宝,正面
真可爱,正面
[棒棒糖][心],正面
好,正面
那[泪],正面
我丢[doge],负面
嗯,正面
氧气美人连穿搭都呼吸感十足,正面
某些人别嫉妒啊 零整容也黑吗 生图直出 你们自己照照镜子自己逃得过别人的后置吗,负面
吓人,负面
有点像那个什么梓晨,正面
叫啥名字,正面
挺好的我觉得,正面
给她整头发的工作人员看起来好小。,负面
甚至有点拥挤[苦涩],正面
诋毁人家相貌的就是丑哦,负面
好漂亮啊 脸蛋天才,正面
无话可说 她相信就好,负面
很突兀,负面
这是素颜？,正面
女版刘梓晨,正面
哪儿外星人了一群丑鬼见不得别人漂亮？为什么对相貌不出众或者偏大众审美平均线下的女孩都能夸漂亮，对这种女孩子就那么大敌意？[疑问],正面
就这你还不骂资本家的剥削，反而怪被剥削的司机[疑问],正面
请尊重他们的不易,正面
为了生存，辛苦,正面
你香￼,正面
有关系吗？,正面
有啥联系？,正面
睡地铺是新晋美容床,负面
都是努力的活着，背后都有一个家庭,正面
有什么干系吗我看了好几遍不知道有什么关系,正面
图片里是医院停车场，躺在地上的都是有家人在医院住院的。跟网约车有毛线关系。,负面
內地開澡堂是不是會爆富？,负面
？？？？这些是陪护的家人，请你尊重，给自己积德,负面
然后评分越来越低，最后接不到单，市场行为很快就会教育他们,正面
关键是怕没日没夜开，不回家，容易出事故啊,正面
这是在干嘛,负面
博主好恶心,负面
这样起号吗 你这辈子也是有了,正面
你这种思路做事儿，会不会被骂死,负面
嫌弃可以去打专车和豪华车，不要这样说人家。,负面
啊？不是说这些人是医院陪护的吗,负面
啥人都能当偶像，我感觉我也可以,正面
@DaisySlyy 现在可以get老公同款,正面
怎么感觉娘娘腔啊[汗],正面
已经变老嫂子了,正面
@和李看雪 最后一张权志龙借鉴了你的创意,正面
茅台配腐乳，澳门隐藏款！,正面
哇哇，无敌帅[心],正面
龙这个眼镜是哪个的,正面
这是男的女的 第三张[doge],负面
[good],中性
娘的,正面
夏天也戴帽子啊？不热吗,正面
生活就是要充满烟火气[困],正面
真的很好哎[钱],正面
可以可以啊[鼓掌][偷笑],正面
取走了[笑而不语][费解],负面
我也这么觉得 涨知识啦！[裂开],正面
感谢分享[黑线][疑问],正面
我又get到了[酷][阴险],负面
泥的深交到来[doge][doge][doge]金元页高考顺利呀,正面
我不懂[可爱],正面
不太懂巴黎世家的审美,正面
[笑cry][允悲],正面
[允悲][允悲][允悲]宽点的腰带都比这宽,正面
细嗦鼻孔,负面
妈呀咋长这样,负面
基因真强大,正面
这张照片背后的故事比连续剧还精彩吧！,正面
没看见吧,负面
挺好的呀,正面
挺好的吧这张,正面
挺好看的呀,正面
可能她没看吧,负面
这张照片挺好的呀,正面
有名老师聊过杨紫的8字，说的真好，都说到了[泪],正面
怎么了[笑cry][笑cry][笑cry],正面
一张日常 想咋样就咋样,负面
挺好的呀 有心的人才会挑刺,正面
[允悲]怎么又故意引战了,正面
他自己平时发的更糙[doge],负面
touwa多好看你想咋样[允悲],正面
挺好看的啊,正面
手机直拍直出 很好看 男帅女美 爱看他们的剧！,正面
这照片咋了，多好看呐,正面
好吓人,负面
这样的嘛[兔子],正面
真牛逼,正面
@丨丨II丨丨,负面
哪里买,正面
会发光吗,正面
???????????,中性
你有这货吗？麦吗,负面
人在做过坏事的时候真的不嫌累,正面
P的很明显了,正面
[心][心],正面
[舔屏],中性
这。。。,负面
这都不是一个手,负面
zdm[doge],中性
这么点地方能这么清晰？,正面
一时不知道你是串子还是认真的,负面
骇人,正面
不就是飞机服务员吗,负面
就这也敢叫不容易？,负面
服务员有啥光鲜亮丽的？,负面
很累的[黑线]每天飞几趟，每躺忙不停……万一领导二货，排个整死人的班，就别卸妆了，到家睡，起来补补妆，出发，运气不好得话，hold了两天的粑粑又没挤出来，只能继续带着飞一天[泪][泪],正面
不就是空中服务员，有啥光鲜亮丽的，都神话,负面
哪行都不容易,负面
表面也不光鲜啊。。。就是个服务员,负面
酒店服务员也是这样的,负面
没有一个服务行业是容易的吧,正面
你说谁容易？！回答我！！,负面
加油！,正面
这就不容易啦？,负面
哪里不容易了,负面
记住我也晓得不容易，但是你们这个职业筛选也不容易,负面
我怎么看美国的乘务员是爬到尾部，相当于乘客头顶放行李的延伸部分，那个角落睡觉,负面
都是摆拍，空乘人员有专用休息区。,负面
空姐还不容易啊？那农民工容易还是电子厂牛马容易[允悲][允悲][允悲],正面
里面也很鲜吧,负面
都不容易,负面
都不容易呀,负面
期待中字[打call],正面
好想你[抱一抱][抱一抱][抱一抱][抱一抱][抱一抱][抱一抱]@朴寶劍_ParkBoGum,正面
感谢[送花花]#朴宝剑0616生日快乐# [鲜花]#朴宝剑直播#,正面
[哇][哇][哇][哇][哇]感谢！,正面
[爱你]#朴宝剑0616生日快乐#,正面
[给你小心心][给你小心心][给你小心心],负面
感谢！辛苦了[抱一抱],正面
感觉孩子困的要睡着了[允悲],正面
会有中文翻译版么？听不懂[笑cry] 但还是好帅❤️,正面
[锦鲤附体][锦鲤附体]感谢,正面
謝謝分享，辛苦了[作揖],正面
谢谢！[鲜花],正面
好帅哦！！！！终于可以看@朴寶劍_ParkBoGum 直播全程啦！就是没有中字翻译，听不懂[笑cry] http://t.cn/A6e1MI5S,正面
不知道为什么，看到宝剑就有种想哭的感觉[泪]但心里很甜[打call][心],正面
为啥看着有点累的感觉，是行程太多嘛,负面
宝剑越来越少年了，状态超好的[爱慕],正面
感谢分享，辛苦了[给你小心心],正面
kiyo[心],正面
辛苦喽,正面
没素质 xd咖,负面
湾湾综艺一向下料很猛[doge],正面
这就是X骚扰,负面
跟菜花蛇姐妹花沾过边的都挺变态的,正面
好可怜,正面
这是小薰？？,负面
一群态度 都杀了,负面
小薰可以的[嘻嘻],正面
就这种人怎么会在中国有热度,正面
他们是姐妹，有啥怕的,正面
女人穿是因为女人爱美 跟男人有季帽关系[可爱],正面
又不是我们让她穿的,负面
确实，穿上它是公主，脱下它是灰姑娘，美丽与疼痛并存啊~[融化],正面
我男的，就没怎么见过爱看高跟鞋的男的，到底谁说男的爱看高跟鞋。难绷。,正面
那就别穿啊，有人逼着穿？,正面
多年前我也喜欢这么高跟的，最低也得是七厘米[允悲]那些年真不觉得受罪，现在怎么舒服怎么来[允悲],正面
[哇],正面
当代三寸金莲,正面
我说一句公道话，不管男生女生，男生在家也不会时刻关注自己的形象吧，女生在家也不会时刻穿着高跟鞋吧，只有出门的时候，为了给别人展现自己美好的一面，才会精致的打扮自己，男生女生都一样，没必要在这争,正面
我一点都不觉得，我爱美我想美，所以我穿它，仅此而已。不是因为任何人不是因为任何事情，仅仅只是因为我想穿，穿了我美，我心情高兴，我愿意我乐意￼,正面
你脚趾有几节？这么能p怎么不p个高达的脚上去,负面
[笑cry][笑cry][笑cry][笑cry],正面
没人逼你穿,负面
plq田力滚,正面
看的我jiojio疼,负面
好痛,正面
评论区田力偷偷藏不住[太开心][太开心][允悲]@你有黄毛吗就说 谁问他们了,正面
足踝稳定性……,正面
评论区的田力是不是有点太自以为是了。。,负面
图：磨磨唧唧等毕业,正面
长菜花了？,正面
这是什么情况？发霉了吗？,负面
第一次见这样的黄瓜,负面
这是这么长成这样的啊[允悲][允悲][允悲],正面
这黄瓜，长的真神奇,正面
娃娃菜和?相爱的产物？？？,正面
长得有点吓人了,正面
这黄瓜是基因突变了吗,负面
能解忧愁的孟婆汤，我想喝哦,正面
果然大自然才是最大的创作家,正面
假的吧,中性
就是这么说的啊！,负面
差点没认出来是黄瓜,负面
他怎么能开花呢,负面
逆风生长的节奏。,正面
这是什么情况,负面
黄瓜出轨了？[哈哈],负面
這是什麼啊？黃瓜忘喝孟婆汤了嗎？,正面
哈哈哈笑疯了,正面
有名老师聊过刘浩存的8字，说的真好，都说到了[泪],正面
把她妈弄残疾的孩子赔偿做到位了吗？,负面
有没有可能，她那个身高是正常体重啊,负面
第一张神似杨幂,正面
天啊，还没我家狗重[允悲],正面
对的,正面
所以是人衬衣还是衣衬人[允悲],正面
所以没有什么衣品可言，完全就是看脸,负面
所以衣服好不好看主要看头,正面
人好看披快破布都好看,负面
遮住脸还有天鹅颈、小肩、细腰、长腿。,正面
头像吓我一跳[疑问],负面
果然时尚的完成度靠脸[哇]神仙姐姐穿着觉得那一身还挺好看，结果遮住脸再看衣服真是土得掉渣[允悲],正面
@礼子雪穗 笑的我难受,正面
她好像也喜欢过女生吧,正面
头像怎么看起来怪怪的[笑cry],负面
这个头像[嘻嘻]@4y8x_de,正面
核心出装是脸[晕],正面
发型也很重要,正面
高校理工女,正面
时尚的完成度靠脸,正面
这穿搭完全就是仗着漂亮的脸为所欲为,正面
你的头像真的吓人,负面
你这头像,负面
你这个头像简直了[允悲],正面
已经提示你了“请带上我”[喵喵]然后交给前台[喵喵],负面
哇塞，这创意绝了，问酒店小哥哥准没错，安全第一，夸夸喵力挺聪明的决策！,正面
什么时候吾悦广场是酒店了,正面
不能拿这是陷阱,负面
这啥呀？黄金的？ 没见到过啊，什么东西？厕所里有啥？没看到过,负面
圈套,负面
把这个难题交给下一个人,正面
爱拿不拿,正面
你家酒店开吾悦广场里？,正面
这菜名起得，差点让人心脏骤停,负面
?上没有吧,正面
各位理解成斗地主贴的纸条,正面
？菜？你不是发的台球厅照片  哪来的菜？怎么喝了？,负面
输一把按个戳？？？[羞嗒嗒],负面
被大蛇丸咬了[笑cry],正面
咒印模式[doge],负面
@c_moonpie,中性
千万别轻易尝试，后果自己负责进医院了自己负责 http://t.cn/A6eEfrUf,正面
自带马赛克,负面
@小辣椒咕噜咕噜,正面
@LEEGoGo1109 看人家都往哪盖,正面
输了盖章对吗？,正面
绝绝子,正面
@CoAuTi7 好恶心[哆啦A梦害怕],负面
我要杀了你们！！,负面
[送花花],正面
咒,中性
这个我是真的密恐了,负面
看来剧组得备点披萨，增增肥[全力以赴],正面
什么剧啊看见王大将军了,正面
不能买件合身的吗,正面
这个女生是谁,正面
哈哈_(:D)∠)_,中性
真的好尴尬 但是因为是天气的原因,负面
这也太尴尬了吧,负面
我去这么尴尬的吗,负面
哈哈哈哈哈,正面
好尴尬的,负面
OMG,中性
好尴尬[跪了],负面
啥意思？,正面
我还以为亲激动了把裤子脱了,正面
什么？你是说脱了裤子接吻？,正面
既然只拍上半身 为什么还要脱[doge],负面
谁家的孩子这么着急,负面
有没有可能是当时太冷了？,负面
听过拖裤子放屁的，没见过脱裤子接吻的。,负面
为什么裤子脱了,正面
所以还是得有职业精神，不然分分钟笑喷[doge],负面
???,负面
[闭嘴],负面
这是在干嘛啊,负面
老黑可不管你男的女的,正面
做男做女都精彩[doge],正面
@噗噗小袁子,正面
积极向上,正面
到放也是一番风味！,正面
@黑色妖姬forever,正面
@冬日爱小炡,正面
还怪好看的,正面
谁长那样吓死老外,负面
让你们网恋,正面
老黑牛逼啊,正面
高科技,正面
@猪儒侏 我傻了[跪了],正面
啊？？,负面
66,负面
[吃瓜],中性
诶？？？,负面
@小弋的弋,正面
cosplay么？,中性
这是不知火舞结婚了？,负面
这裙摆非提不可吗,负面
腿上纹身是狗爪梅花？,正面
看来这部剧的演员真的很有实力啊！期待他们的精彩表演~,正面
嗯嗯,正面
但洞洞鞋好好穿哦,负面
p1的鞋好丑,负面
地铁上一堆洞洞鞋好吧，你去街拍的地方，那是拍照的，不是生活的。,正面
萨洛蒙的美有点get不到,正面
洞洞鞋是广东特产[笑cry],负面
一个拖鞋，一个运动鞋，感觉也不能互相替代啊[允悲],正面
每天都是洞洞鞋上下班[doge] http://t.cn/A6eBMPOU,负面
[嘻嘻][嘻嘻]洞洞鞋只有0次和无数次！,负面
这天气穿这鞋，脚气还要捂出来[允悲],负面
随时准备运动的即视感,正面
大热天穿这么严实的鞋一整天，看着都觉得有脚臭…,负面
南方还是需要的，一年四季都可穿，而且容易下雨[doge],负面
萨洛蒙是真丑啊~,负面
不能穿拖鞋上班。。。。,负面
我们公司基本都是洞洞鞋 http://t.cn/A6e1smMZ,负面
如果我不是在上海生活了几十年差点就信了,负面
全都是为了装逼,负面
？？？是是是，我在上海穿洞洞鞋就不算人了[汗][汗][汗],负面
不喜欢洞洞鞋，买过一次穿的时候滑了一跤后来就扔了[doge][doge][doge],负面
那我只能说你压根没来,负面
吃狗粮吃到最新鲜的一颗~甜而不腻！,正面
@辣么沅,正面
[爱你],正面
真爱[嘻嘻],正面
这个性张力绝了[doge],正面
，,正面
这两口子干啥呢,负面
[憧憬],负面
起来了吗,正面
撒狗粮,负面
有爱,正面
晚上好,正面
眼睛是随妈妈了吗？,正面
一眼看出父女，长得好像，五官几乎一模一样[允悲],正面
这是张雪峰？！！！真的肥,负面
[允悲][允悲],正面
他只是胖了老了 又不是丑了,负面
转发了,中性
老男人,正面
"k zzxzzsk.@爱奇艺综艺 ?,@爱奇艺综艺 @爱奇艺综艺 n.#好好吃饭# m",正面
这像素真逆天,负面
哦,正面
张雪峰和他女儿,正面
确实像,正面
1啊，这需要说[吃瓜][吃瓜],负面
这得看在南方还是北方，南方选三层楼的，住二楼三楼可以隔绝湿气，阳台也不会有太多灰尘，北方选择一楼的，有院子，平时晒太阳方便,负面
右边还15万？按我们这个行情建房+装修至少70万起步。,正面
很明显1,负面
我家，右边是住人的，左边的是厨房饭厅和麻将室，在住房旁边，都在一个院子里,负面
左边好像公厕,负面
右边啊，总觉得左边湿气重，有蛇虫鼠蚁。,负面
左边看着爽，但会有干不完的活,负面
左边好喜欢[开学季],负面
农里住大平层很少吧[允悲],正面
左边蚊子肯定多,负面
2 隐私空间多,负面
一啊[白眼]又不太丑了。左边还有院子,负面
图一与自然融合，非常美，图二与自然很突兀，整个没文化,正面
左边,负面
左边更有文化,负面
平,负面
说的是美元吧！,负面
祝你生日快乐而且这紫霞也挺好看的,正面
你好，你符合我司商务推品要求，能合作吗？私我?,正面
哇哦你的眼睛看起来好好看,正面
这看起来好漂亮哦！这美食看起来也好有食欲。,正面
[爱你][爱你],正面
哥们儿，这烟味儿确实够呛，希望你能挺住，健康最重要啊！[抱一抱],正面
[doge]穿搭的重要性,负面
你的肉长哪里去？一点看不出来,负面
你这样子能长到120去？我看够呛。你现在90都没有吧,负面
这看着比我115还瘦,正面
你好，你这个微博符合我们公司商务推广合作对象，报酬合理，能合作吗，私我,正面
哇塞太美了可以加个微信吗[心],正面
您好，您这个微博符合我们公司商务推广合作对象，报酬合理，能合作吗，私我,正面
手机划过屏幕她又更新照片,负面
圆圆的脸看起来很年轻 哈哈 非常的有气质,正面
哈哈，日子过好了，就连气质都变好了,正面
面色红润有光泽~,正面
不是这还画出来的吗[笑cry],负面
美美美,正面
看得出来猫是被迫营业了[允悲],正面
幸福[打call],正面
这越南的山景真美呀！The,正面
连“空闲时间”从你嘴里说出来都带着让人羡慕的松弛感！会享受生活的人，连时光都会悄悄偏爱，光是想想就觉得这样的时刻惬意又美好,正面
哇，美女加风景真绝配。,正面
你是会放的[送花花],正面
好萌,正面
鞠婧祎(诚信互评）,负面
男同吗[融化]怎么上翘型的不能让我遇见[可爱],正面
喜儿长大了，时间真是个神奇的东西，一转眼就是十年啊！,正面
喜儿好久不见[打call][打call][打call][打call][打call]，期待18图[嘻嘻][嘻嘻][嘻嘻][嘻嘻][嘻嘻][嘻嘻],正面
喜儿,中性
剧里边喜儿说话的声音是原声吗，演技好好啊。,正面
十周年快乐[哇],正面
还有播吗？[允悲],正面
不知不觉已经10年啦，时间过得真快,正面
奈斯,正面
?http://t.cn/A61Sf6gn喜欢留言，对方看到会翻牌子喔[给你小心心]看我置顶可投稿和脱单,负面
报名,正面
?️吗[笑而不语],负面
忘记放香喷喷的xxy了 http://t.cn/A6e8RlLq,正面
法律法规pre结束啦，收获满满真棒喵！这份甜美毕业礼，美得让本喵也心动~未来化妆大师就是啦！,正面
这么看的话，双平台就别给?白送云包场了，给?还能体现在拉新榜,正面
这个事也侧面反应了粉丝拼死拼活拼氪金云包场，还有日平台延长热播期，都不敌资本动动手指头……人家想卡你就卡你，人家想灌水就灌水……以前多少还偷偷着来，现在就是越来越明目张胆，也不怪各平台日活越来越少,负面
合理推断，北上和白月可能脱水数据更差，所以才感觉播的热热闹闹，结果忙乎一顿，根本没感觉多升咖。业内能拿到的数据纬度太多了。早点和多平台合作的决定真的很明智。,负面
烂桃自己不想要名声和信誉，以后双平台都只支持另外一个平台。,负面
??给?后单独开了一个赛道 保送破万[二哈],正面
我们的包场看几分钟就能领 别人的要看半个小时能领 不公平一开始就有?,负面
可是爱奇艺双标呢就不给你破[笑cry],负面
人家第2天，你超点能一样呀[doge],负面
而且热播期好短，不知道为什么，才34天吧啊，别人都是40多50多天,负面
挺好，挺好，以后都按照这个标准来,正面
于歪给平台施压必须破万，不然他那嘴指不定抖落出什么腐败事来[二哈],负面
little沐?惯氵灌出自信了到处随地扣扣大小解，不愧是大氵垢,正面
程序员动动手指比你砸多少钱都管用[喵喵] 谁知道背后交易了什么[喵喵],负面
你这纯属考 80分 要求老师给你送600分让你上清北了，登天碰瓷[doge]超点6集连3000都没够到就说自己破万剧 都不知道从哪开始笑才好,负面
@只喜欢漂亮妹妹呀 楼主清理一下,正面
再也不看死桃了[怒]猪和这一秒我都只看腾讯[怒],负面
跟氪金没关系，就是程序员加个班的事[爱你]其他剧都是演员扛剧，有且仅有这部程序员扛剧，程序员单独上桌,正面
[笑cry]这不包不氪得低成啥样啊,负面
不知道只知道有人很酸[汗],负面
临江仙最出圈的是灌水。,负面
罪魁祸首已被控制[二哈] http://t.cn/A6e1aF4X,正面
两眼一黑,负面
犯罪嫌疑人是谁！,正面
妈呀妈呀,负面
她能拉那么多？,正面
[允悲][允悲][允悲][允悲] 抱歉 刷出来图之后没忍住[允悲],正面
这么大的猫都不会用猫砂不该打？,负面
晚上打空调不让别人出去拉屎 你可真行[doge],负面
你给猫没弄猫砂嘛,负面
是我的话把猫揍一顿，然后被子直接扔了,负面
我的天要是我直接要真实啦[泪][泪][泪],正面
刚开始我还以为是烧焦了 没想到…[摊手],负面
是边牧就正常了[笑cry],正面
我丢，这么大一坨,负面
yue?,中性
笑死我[嘻嘻]哈哈哈哈,正面
让猫上床的好处体现出来了,负面
生活总会在最深的绝望里，遇见最美丽的风景,正面
芙蓉不及美人妆，水殿风来珠翠香,正面
自带滤镜的夏，海是可触碰的蓝天！,正面
幸福就好～,正面
胖是福气，这桌是全家桶吧,负面
我也开始了[淡淡的] http://t.cn/A6euntoZ,正面
不要再玩手机了我求自己…..[打脸],负面
图五看起来很好吃哎 哪家的呀,正面
我的天啊,负面
矛盾就是这想法来的,正面
记得去医院检查，长辈也不希望孩子摔，但已经出现了，避免不了解决问题，强调好出行时刻注意，也要关注长辈状态，不要过分苛责了,正面
擦点花生油,负面
小妹妹没事吧[抓狂],正面
爷爷是不是重男轻女[悲伤][悲伤][悲伤][悲伤][悲伤],正面
好心疼[可怜][可怜],负面
我自己带娃也这样摔过[允悲],正面
我闺女两岁时候也被奶奶胡闹摔成了这样，几乎一模一样的伤势…,负面
天啊，看了好心疼,正面
若是孩子姥爷带，你还会这么说吗,正面
去医院看看？摔倒额头肿这么大不是小事[生病],负面
看的我心都疼的[抱抱][抱抱],正面
一看就很疼，没去医院？,正面
这是怎么弄得，看着好心疼，小公主应该捧在手心里,负面
宝宝 怎么搞的？,负面
涂万花油几天没事了,负面
看孩子谁都避免不了失误   过几天就吸收了   消肿会变黑淤  再慢慢消退,正面
[泪]像打的 可怜孩子了,正面
fit,中性
抱抱，考试压力山大我知道，但你肯定比想象中更坚强，熬过去就是英雄啦！[心],正面
我叫峰哥 http://t.cn/A6emuiqH,正面
我江苏人给大家道歉了，不好意思让大家辣眼睛了[作揖],负面
图片评论 http://t.cn/A6emdwUp,负面
自我解决[怒] http://t.cn/A6emumjm,负面
乏善可陈，在3D人群中都属于平平无奇的，没啥可说的，下一个[怒],正面
实在不行去按个摩吧[爱你],负面
工资三千都微博会员6级了？要不是为了给峰哥我都舍不得开会员[允悲],正面
怎么又是你？ http://t.cn/A6em18BD,中性
买个新能源女朋友吧，现在技术很好，仿真人的也不错[笑cry],正面
峰哥，此人你发几回了？他给你稿费是咋滴？[挖鼻][送花花],负面
能把自己发到峰哥频道就不是啥正常人,负面
我国近现代最伟大的独立学者的最新著作 http://t.cn/A6emD6Ph,正面
@lezlliy,中性
很正常，好好工作，努力提升自己专业技能，好好攒钱，多参加相亲，戒烟戒酒。,正面
预备qj犯,正面
真是把我逗笑了，笑得我不行了[允悲]你很适合网络上那种天天骂男人的丑女人你知道吗[泪]她们那种女的天天网络上骂男，但是内心里也会因为想得到男人的爱想到哭，因为从来没被男的爱过到了35岁也还是母胎solo ，你只要稍微追求一下，她就会感动得痛哭流涕，你就是没找对人，活该单身[白眼],正面
我的建议是别喝啤酒了，改喝便宜的高度白酒醉的快还省钱,负面
吕强怎么又上榜了，给峰哥刷了吗,负面
厂里上班不找个厂妹吗,负面
这男的直接给我发了个定位！有病吧,负面
偷懒了不给自己修死皮嘻嘻,负面
萌物,中性
好可爱哇[爱慕],正面
哇 这个眼睫毛无敌美丽！！,正面
赚钱买快乐，杨迪这波赚到了！,正面
有名老师聊过杨迪的8字，说的真好，都说到了[泪],正面
这几百块就能体验，不需要赚太多,负面
所谓富人阶级，终究也不过是寿命与普通蝼蚁一般的凡人罢了,正面
?迪,正面
他们一天定普通人一年收入了，甚至不止，应该抵制这些人,正面
不就想装个叉吗，还非得把人杨迪拉上,负面
这么丑  这么low 悲哀,负面
迪狗,正面
杨迪是谁？,中性
养迪，为社会做了很多贡献[允悲][允悲],正面
又不是包了一节车厢…,正面
在高铁上工作是赚钱的意义么[笑cry],正面
耳机还是有线的好,负面
敬事房薪水不高，执夜有小费。,正面
广州[思考],正面
流浪狗带回家养了嘛？,正面
高铁买多张票属于违背公共秩序的行为，不值得提倡。,负面
不就坐个商务座吗[思考],正面
听说他把一列火车都包下来了,负面
别把懒和脏和穷一块放[摊手],正面
那不是穷，那是生活的艰辛，谁不愿意用干净的东西,正面
快别让巴黎世家看见,正面
这跟穷没有一毛钱关系 很多工地上上农民工杯子看上去都脏脏的 他们一个月工资6000+,负面
啊？[淡淡的]大家都是坐高铁，他为啥就被定义为穷人,正面
脏和穷是两个概念，博主又富裕到哪呢,正面
[允悲][允悲][允悲]这还真有可能不是穷和懒，可能这个师傅是油漆工，我看到过这些师傅有的在刷漆的中途如果口渴真手套都不取直接就拿起杯子就喝，看这个杯外面感觉是漆的样子[允悲][允悲],正面
你的思想更贫穷,正面
不是穷的原因，单纯就是不爱干净,正面
多没素质才能在公众号说出这种话[允悲]我说话难听，我走了,正面
你不穷，你怎么不包机滴？,负面
这是巴黎世家限定款,正面
为何用词不用工人呢,正面
这种文案读着让人不舒服，你很富吗？,正面
不是穷也不是懒，第一工地很累干完活没有一点力气再去干别的事情。第二弄上水泥干了很难清理并且要耗费很长时间清洗，且及时清理了很快又脏了。尊重职业，不要说三道四，如果你善良可以买个新的送他。,负面
先看看自己,负面
穷人不坐高铁，这是脏！,正面
博主这座的是火车吧,正面
好心酸，自己已经够苦了，却还是看不得别人受苦[泪],正面
你的书都是这么读出来了[吐][吐],负面
太适合演恶作剧之吻里的袁湘琴了,正面
执行中模拟宇宙11,正面
[鼓掌],正面
确实啊[泪],正面
这穿搭，博主都追着夸！,正面
性格也好,正面
做人不可有傲态，不可无傲骨。 ——(清)陆陇其,正面
[泪],正面
.,正面
666,中性
漂亮,正面
好看的,正面
是的,正面
日系女孩,正面
肖战吗,正面
世上还能有赢了关晓彤的,正面
@shinryuAn @你好可怜吖 @存真小兔包 你问问他两,正面
慢慢就会变黑的,正面
没生出个绿的就不错了,正面
這是綠了吧[挖鼻],正面
一岁多了现在已经黑成煤球了,正面
这就不知道是谁的了[允悲][允悲][允悲][允悲],正面
你没看孩子比正常孩子黑 长大就黑了  就算这一代不黑下一代也黑[笑cry],正面
恶心,负面
你现在在去看看是黄还是黑,负面
引黑入华，千刀万剐,正面
智力低下[吐],负面
强烈建议，嫁给黑人的不要留在中国了。,负面
长大变黑了,正面
[允悲],正面
智商呢？不测一下达到70没，中国人是105,负面
没看出来这个黑人竟是女的[允悲],正面
起名，耀祖,负面
怎么这么多女子变成自虐狂了？,正面
容易返祖[允悲],正面
她是谁[doge],中性
长得大气[羞嗒嗒],正面
美,正面
你那眼睛要是没啥用就捐了得了[good],负面
她有性张力[打call],正面
松弛感有女人味,正面
气场,中性
That is known as the personality and charm of Shu Qi.,负面
她就是最好看的你眼瞎了,正面
个子高,正面
松弛感 还好性感,正面
气质,正面
谁说她不是最好看的？请问她不是最好看的谁最好看？医美脸吗？,负面
因为她明艳动人,正面
她就是最好看的,正面
气质棒了,正面
松弛感,正面
我觉得她有灵性，就是看着她很舒服。,正面
穷人也可以打扮嘛,正面
这算漂亮，见过世面吗？,正面
生活或许总有遗憾，但未来依旧美好,正面
自由自在,中性
因为买不起房子，又懒得搬家，图个方便，我就是，上班穿得人模狗样，住的像贫民窟狗窝,负面
管你屁事,负面
[太开心],正面
你少管人家行不行,负面
长得好看但没有钱呗...这有啥疑问的 好看的又不是百分百有钱,正面
是的，拉的屎都是香的,正面
住这样的房子就应该长的丑吗,负面
有没有可能只是来办事的呢,负面
管你啥事[思考],正面
也许是刚下班,正面
[doge][doge][doge][doge],中性
刚做完生意出来,正面
3,负面
2,负面
1,负面
什么电视？,负面
这位女生是谁？好漂亮,正面
这墙比我还抢镜，刘雯姐姐眼光真好~,正面
可能是刘雯的训练项目,正面
就这风格，叙利亚风,正面
井柏然家就是废土风 刷到过他家全貌 看起来真的很有格调 应该羡慕刘雯才对,正面
他家就是这种装修风格,正面
温馨…[心][心][心],正面
爱和长辈撒娇的宝宝[偷笑],正面
这谁设计的衣服[哆啦A梦害怕],正面
ta,中性
啊,正面
[怒骂],中性
djsks,中性
这是痞幼？,正面
布吉岛,中性
毫无美可言,负面
只要你不尴尬，尴尬的就是别人,负面
毫无美感，欣赏不了[挖鼻],负面
能穿出去啊。就是个人觉得不好看，像被五花大绑一样的,负面
这咋上面还有字？,负面
呃,正面
好土,正面
蒸完集体减肥成功,正面
应该做发面的，油锅炸,正面
你是属猫?的吗？[笑cry],正面
[笑cry][笑cry][笑cry],正面
应该整一坨坨的,负面
做成这个形状，也是人才[允悲],正面
感觉恶心呢？,负面
吃的下去吗？,正面
瞬间没食欲,正面
还有食欲吗,中性
[吐],负面
确定吃得下吗[允悲],正面
就是，吃不下[泪][泪],正面
你应该用煮的方式来烹饪它！[允悲][允悲][允悲],正面
[允悲]确定能吃下？,正面
饿的么[允悲],正面
这有胃口？,负面
是为了减肥才包成这样的吗[允悲],正面
握草,正面
卧槽这什么,中性
这啥剧,中性
我去,正面
卧槽？,中性
码打的什么都看不明白,正面
这码打的啥也没看见[笑cry],负面
这是啥剧名,负面
方子传,正面
这部剧本来就是十八禁,正面
棒子哪来的大轿子,负面
问题是男的还那么丑,负面
小孩子又不看,负面
[可爱],正面
[打脸][打脸],负面
[挖鼻][挖鼻],负面
好阴间的设计[笑cry][笑cry],正面
明星新鞋都当一次性的,负面
范儿这个萌,正面
我也是,正面
奢牌不坑穷人,负面
你嫌它丑，它嫌你穷,负面
四年了，还在说[允悲],正面
觉得还可以[允悲],正面
即使是奢饰品，不好看照样不买,负面
确实欣赏不来哈,正面
长得矮呗,负面
我也不喜欢这个真的不好看[跪了],负面
真的好丑啊,正面
外套还可以，包和鞋值20块钱,负面
真的好丑,正面
怕摔死[挖鼻],负面
你看，她自己都觉得穿着很可笑。,负面
竟然不限购[坏笑],负面
明天晚饭约了吗[doge],负面
香港溢价高吗,正面
你应该是米掉老鼠窝了,负面
是时候去你家串门儿啦[doge],正面
多买几个,正面
俩人走在香港的大街上，你们这样。[赞][赞],正面
多买几个+1,正面
花三万块买labubu，就不知道给老婆买件新衣服吗？瞧这衣服破的[苦涩],正面
就目不转睛的看着，看你买不买,正面
卧槽来香港了[doge],正面
这到底是啥东西？,负面
[666],中性
?,正面
让我嫂子掏上了这不是[doge],负面
李姐真是好美！[爱慕],正面
图1是了姐拍的吧[doge],负面
现货？,负面
又不是买不起,负面
那么多,正面
下面第二排最右边的小姑娘颜值也很高,负面
那个是胡歌[允悲],正面
原图这样  清晰化后有点奇怪了[哆啦A梦微笑] http://t.cn/A6eHQWor,正面
看几遍都没看到哪个是胡歌,负面
胡歌右边的是德纲不[doge],负面
让我看看，哪个是我？ http://t.cn/A6eQDpSe,中性
右下蓝色上衣的更好看[嘻嘻],正面
一点不像啊！！,负面
并不突出 那个时候都差不多,负面
论男人味，右边的黑衣大个子更强，胡歌太阴柔了，这张侧身的，可以说是犹抱琵琶半遮面的感觉。,负面
正常，毕竟不是表演系，不看颜值吃饭,正面
第二排最右边那是女生吧，好看。,负面
哪有胡歌？[允悲],正面
哪个是胡歌？,负面
怎么他有三只眼睛？,负面
背带牛仔边上蓝衬衫的一下子就抓住了我的眼球[嘘][嘻嘻],正面
是不是在我的母校市二中学拍的毕业照啊,正面
哪个是胡歌，不都一样吗,负面
P3神颜！！[色],正面
易穿得起吗？美得没边！,正面
不穿还好看点,负面
好事成双,负面
[心][心][心],正面
不如不穿[允悲][允悲][允悲],正面
美？,正面
[笑cry],正面
[doge],中性
朴影帝，继续加油[哇],正面
演技太棒啦,正面
好萌呀,正面
天选阿泽,正面
1997徐仁国不帅吗[允悲],正面
狗焕也是真的无语了[允悲],正面
宝宝宝宝宝宝宝宝宝宝宝宝[泪][打call],正面
好可爱[嘻嘻],正面
谢谢有人能包容我随时出现的小脾气和不耐烦@n0non0no,正面
失散已久的亲姐妹[doge],正面
我也在日本你在日本哪里呀,正面
这种就是大学学姐[偷笑],正面
为什么叫垃圾桶,负面
圣家堂前的gelato才是天菜,负面
你好博主,正面
这傍晚的风景好美啊！,正面
生活手记需要九宫格的容量,正面
时隔八年再次逛跳骚市场??,正面
绝对不让脸上有一点皮肤露出来[笑cry],负面
羡慕了，那边的天气简直是天然空调，让人想立刻打包行李飞过去[憧憬],正面
JPM全勤奖+椰树成精,正面
好好看,正面
美的嘞,正面
蓝杯清新，颇有雅趣，生活小确幸。,正面
的确有点热,负面
好像没那么多人呢,负面
我家门口,中性
这边有个三丽鸥的店 有很多kt卖,负面
宝包 里面的内搭吊带有没有链接[泪][泪],正面
开心果那个碱水  我一周最少吃两次,正面
欢迎来我的家乡做客,正面
好喜欢主包啊,正面
来西安肉肉,负面
我的小仙女,正面
就是这两天有点热[单身狗][单身狗][单身狗],负面
我的家乡[doge][doge][doge],正面
看着我女神心情大好[馋嘴],正面
好美！,正面
[爱慕][爱慕][爱慕],正面
你好，你这个微博符合我们公司商务推广合作对象，报酬合理，能合作吗，互关私我,正面
毕业快乐,正面
这上面好的是什么呀看起来好好吃的样子,正面
蚊帐结界已启动，欢迎回家！,负面
你好，你的账号符合我司推品要求，能合作吗？私我,正面
好过头了[允悲],正面
川西！,中性
*不忘初心，溪水长流 *[泪][泪][泪],正面
哇，小姐姐你太棒啦！坚持就是胜利，偶尔的小放纵也是为了更好的前进嘛~加油哦，下一个十斤也在向你招手！,正面
爱人先爱自己,正面
此微博已在http://t.cn/A6OZdapC中作为精选微博进行推荐，帮更多同城小伙伴发现本地新鲜事和打卡地。http://t.cn/A6BCX40p ,正面
恭喜，您的微博获得肇庆同城微博榜排名第1名！进榜单的本地微博都在这里，点击查看>>http://t.cn/A6e65SIC,正面
绿意盎然啊~[爱慕],正面
完全看不出来了[晕],负面
老师这是在修炼“忍术”吗？将来一定是个“忍者大师”[举车],正面
等我来感受下[污],负面
镜子好特别,正面
会不会后空翻,负面
小猫猫叫什么名字啊,正面
好乖啊。我说的是猫咪,正面
为什么猫都要教后空翻,正面
一天喂几餐,负面
铲屎官你好,正面
挺好[打call][打call],正面
这个猫真白,正面
6,负面
看不懂，还是一只手大呀[馋嘴],负面
真好,正面
咪咪长大了,正面
好大[爱慕],正面
哈喽小姐姐,正面
那么小吗,正面
小脚拇指真长[doge],负面
想看后空翻[允悲],正面
滴滴,负面
交流交流,正面
可以试一下了,正面
说的好像我有一样,负面
早操,负面
你在哪,正面
发这个出来我可以预想私信爆炸,正面
[污][污][污][污]送几个,负面
我也很久了，可以互相试下吗,正面
?️,中性
差不错，天天出差的同感,正面
谁不是啊,负面
带你重温一下,正面
必吃榜吃一下吧,正面
额 我发现去年就私信你  也没回[笑cry][笑cry],正面
哈哈哈,正面
[抱抱],正面
哈哈哈哈哈???[老师爱你][老师爱你]。为什么没有呢，女生愿意不是很简单吗？比男生容易呀,正面
哎呦我去,负面
必须gc才是xsh,负面
小姐姐有男朋友了吗,正面
酷,正面
百香果拌山竹好吃嘛！！！！,负面
我第一！,正面
图五角度怎么拍,正面
吃不胖体质[思考],正面
没吃过[哇],负面
蹲一个p8的裤子宝宝[泪],正面
百香果山竹到底好不好吃[哇],正面
每一个都看着好好吃[哇][哇][哇]但是好远噢，唉~,正面
车上重温老友记，这感觉就像翻阅旧相册一样温馨~,正面
宝 图四是哪,正面
摔倒粉来了[打call],正面
6月底带起来！,负面
无法超越了,正面
好可爱呀[送花花],正面
我也想问问女的是怎样表现的！,正面
猛吸他一周没洗的大油头发  感觉很香,负面
味道怎么样都是香的，状态再丑也想亲两口,负面
安安静静的躺在她的胸口,正面
把蛋塞进去呗,负面
女生理解你鼓励你 不会轻易暴力埋怨你 累了可以抱抱 躺在腿上[喵喵],正面
想亲嘴[笑cry],正面
变成个孩子般的老色批,正面
像个发情的大猩猩一样，各种显眼包式的操作，像个孩子……如果已经确定了关系，那就恨不得24小时长她身上。,正面
可以舌吻，狂吻，停不下来。,正面
根本受不了,负面
就是一直想亲亲抱抱举高高,正面
就是怎么都想亲她,正面
天天都要,正面
觉得女生身上香香的,正面
一见面就要啪啪,负面
起立，浅表性尊重,正面
随时能波奇,正面
扒光了，换成心底最渴望的套装，再推车,正面
你这样的谁不想拥有一下,正面
我们会好好在一起的,正面
祝您们永远这样幸福！,正面
?小cx：【BOBOSNAP official】 http://t.cn/A60Hul8m,负面
感谢@BOBOSNAP 邀请 来看@MIC檀健次JC-T 帅气大片啦[哇][哇],正面
来入檀健次新杂志啦[开学季][开学季][开学季],正面
檀健次好帅[赢牛奶],正面
檀健次好帅[打call][打call][打call],负面
有些人的性别生来就是老公！！！！！！！！,正面
檀健次好帅[憧憬],负面
好期待[开学季],正面
檀健次好帅，期待[送花花],正面
把檀健次的新杂志带回家[舔屏][舔屏][舔屏],正面
檀健次[毛球][毛球],负面
心之所向，山野游之；@BOBOSNAP 8月刊封面人物@MIC檀健次JC-T  静立于岩石上，俯瞰世界。,正面
檀健次帅的嘞[阴险],正面
期待檀健次,正面
好帅 檀健次[苦涩][苦涩],正面
檀健次太好看了！！,负面
感谢@BOBOSNAP 邀请 来看@MIC檀健次JC-T 帅气大片啦[哇][哇]期待檀健次的新杂志！！,正面
期待檀健次新杂志[打call],正面
每个人都是独一无二的自己哦，每个人都有优点和闪光点[抱一抱],正面
做一个积极向上的快乐人士[抱一抱],正面
我们都要学会好好爱自己 自信起来,正面
做一个倾听者其实也会有很多感触的,正面
照顾好自己，爱自己比爱谁都要靠谱,正面
一定要杜绝emo,负面
首先要爱自己才有人来爱你[抱一抱],正面
要好好的爱自己 ！发现生活中的美[抱一抱],正面
每个人都有闪光点，要注意挖掘,正面
希望这个世界上多点真诚的人。,正面
大半夜的有被治愈到,负面
我很棒！可以自己消化负面情绪没什么事是睡一觉不能解决的[抱一抱],正面
我是一个普通人，试着去感染别人，没有成功，但是我已经很厉害了,正面
这就是生活中值得治愈的瞬间[心],正面
我们每个人都要做一个积极向上善良的乐观之人,正面
爱自己相信自己太重要了,正面
希望大家都能遇到给自己偏爱的那个人,正面
做过开心快乐的自己，要学会鼓励自己,正面
我们都是很好很好的人[心],正面
其实每个人自己都带有闪光点，不必因为别人的光比自己亮而灭了自己的光,正面
南方精工,正面
众源新材,正面
新联电子,正面
8.85的本,中性
华西股份能进吗,正面
睿能科技,正面
老师，大盘再看下呗,正面
睿能科技可以入手了吗,正面
看着孩子，经常问了问题没听到[泪],正面
维科精密呢,正面
老师，锦和商管您刚才怎么说的，小孩在闹，没有听到,正面
视觉中国今天可以接吗,正面
老师，光迅科技32.68出了部分，下来了，多少接麻烦看下^,负面
苏州规划老师看看,正面
法尔胜可以进吗,负面
常山北明走不走,正面
常山北明,正面
秦川机床上周五卖了一半啥时候可以接,负面
老师，大港股份呢,正面
国华网安,正面
同一个小区的都说胡说八道，可是有人却相信离她十万八千里的明星八卦肯定是真[允悲],正面
我受了委屈 我妈什么都不做 只会让我忍,负面
24岁未婚，肚子有个崎胎瘤割了，单位同事有的造谣说我流产了，有的说我把子宫割了不能生孩子[二哈],负面
只有我想听阿姨的语音输出么[允悲],正面
就是滴滴打车每天都打到不同的司机，然后阿姨们说女孩子不正经，天天不同男人来接啥啥啥的，就很无语！[二哈],负面
妈妈真好，我也要做这样的妈妈，保护孩子，替孩子出气,正面
开局一张图，剩下全靠编，你们是懂什么有流量的,正面
妈妈太赞了,正面
无所谓我会臭骂每一个嘴臭的人[太开心][太开心] 别惹我 我的精神可不正常,负面
妈妈怎么知道是哪个阿姨的？,正面
那我有段时间失业了在家两三个月，我亲戚家女儿老喜欢找我玩，有一次问我是不是打胎了，她才刚上小学，问她她说她妈说的,负面
开局一张图系列,正面
我妈也很护犊子。我记得我小时候大姐被她婆婆和另外一个阿姨造谣不会生小孩，问她婆婆狡辩说是听另外一个阿姨说的，当晚我妈就杀到那个人的家里质问并且发狠话说以后有这种声音要算她头上。后来听说那个阿姨被老公大骂了一顿，爽[喵喵],负面
稿主很硬气，妈妈也很硬气，大家都是好样的[送花花],正面
我遇到过更离谱的，传谣者并不认识我本人，只知道有这么个名字而已，说我出事了，跟旁边的人说得那叫一个夸张，我师姐也在，听得莫名其妙，问他你说的是谁？他还强调了一遍，师姐说她不是好端端的在你面前吗？给那个人窘得说不出话来。,负面
女生反击得还不够狠 这种长舌妇应该大门敞开当着所有人面骂她 老不羞,负面
可怕的谣言[允悲][允悲][允悲],正面
所以邻居们都不认识最好，回家关起门远离是非,正面
我和我老公的工作不是早九晚五也不按照周末双休来 然后我们一个单元的都说我们两是啃老没有工作 传我公婆耳朵里面了 公婆就去群里说愿意养等他们啃有钱  邻居再也没说过了,正面
我只是一个端游手游爱下棋爱玩双人成行的女大学生[單身狗] http://t.cn/A60Qyrr3,正面
千万别看我经过风暴评论区 在《我经过风暴》的评论区感受到了窒息感，愿你永远不会感同身受电影我经过风暴,正面
加油！！！,正面
[伤心],正面
还是比较心疼他妈妈,正面
我同事的老公从小看他爸家暴他妈妈，和我同事结婚之后就家暴我同事，他打我同事的时候他妈妈会在旁边加油说你父母不教我来教，我同事只是说错一句话就会挨打,正面
我也有尖锐物恐惧症,正面
开枪正常都是打中别人，这有什么好转折的，还“却”,正面
很霸道呢,负面
删评拉黑送她答题,正面
为什么大半夜那么多人拿着狼牙棒互联网巡逻[伤心]  那么烦躁睡觉不好么[裂开],负面
她自己整肃跑这里拉什么?[吃惊],正面
你还挺善良的，帮她打码了,正面
找个好的剪辑！！！！,负面
小夭我们一起吧[哈哈][哈哈][哈哈],负面
杨紫宝贝好可爱,正面
温泉诶 想和杨紫一起[喵喵],负面
我做不来好人，也不敢做坏人，只想做你的心上人。@杨紫#杨紫小夭#【杨紫小夭】#杨紫长相思#【杨紫长相思】,正面
来了，来了,正面
玟小六帅哥，约吗,正面
@杨紫 真的有演技牛掰症，台词情绪仪态都在自己卷自己，完美还原《长相思 第一季》里的小夭，淑芬100%好评的程度。,正面
我们的戏外可爱的小夭来啦,正面
小夭,正面
思之不忘，相守有时。由@杨紫 领衔主演的《长相思 第一季》正在热播，欢迎体会小夭的爱恨别离。,正面
来啦来啦,正面
杨紫小夭[心][心][心][心],正面
最好的小夭[good][good][good],正面
小夭[抱一抱],正面
加点热水，我的玟小六要被泡融化了,负面
小夭我也要一起[好爱哦],正面
本以为今年会一事无成，还好遇见了你@杨紫#杨紫小夭# 【杨紫小夭】#杨紫长相思# 【杨紫长相思】,正面
长相思里杨紫塑造的小夭十分成功，杨紫长相思#杨紫长相思# 杨紫小夭#杨紫小夭# 杨紫长相思#杨紫长相思# 杨紫小夭#杨紫小夭#@杨紫? 杨紫长相思|小夭|玟小六  | 杨紫承欢记 | 麦承欢 | 杨紫要久久爱 | 黄瀛子 | 杨紫电影猎毒 | 骆佳,正面
杨紫小夭[打call][打call][打call][打call],负面
向一博粉丝表示真诚的歉意，这张图是原来的库存，没注意 在这里给所有粉丝说一声对不起[作揖][作揖][作揖][作揖][作揖],负面
[鲜花][鲜花][鲜花]想去现场的小伙伴看这里！阿芒推荐一个很多粉丝买过靠谱的票务：hunanweishi02,正面
[鲜花]想去现场的小伙伴看这里！阿芒推荐一个很多粉丝买过靠谱的票务：hunanweishi02,正面
我不管你真假你先换个图[老师好],正面
尊嘟假嘟！！！！！！！！,负面
尊嘟假嘟 王一博诶！！！！！,负面
为啥发这个图？？？请换图[微笑][微笑][微笑],负面
不管真假，p1换图！！！,负面
我超！！！！！！别溜我（把钩子的图换一下）,负面
换图 早已解约,负面
尊嘟假嘟O.o？,正面
别的好说 等官宣 您先把p1换了呗,负面
？？？,负面
中国人不骗中国人！！！,正面
换图 干什么呢 明明知道那玩意儿咋回事,负面
你没图了吗？要我发给你？！同时，我要确切消息，溜我的你可以滚了。,负面
换图[微笑]@芒果追星侦探,正面
我不相信他能请到王一博。[老师好][老师好][老师好],正面
麻烦芒果换一下p1的图片,负面
啊啊啊啊啊[憧憬][憧憬][憧憬][憧憬]，家人们谁懂啊！！我可真是太太太太太期待了！！！！[哇][哇][哇][哇],负面
西安热心市民[爱你],正面
来捞吗 有位 锅已开 鸭掌快好了 鸭姨[doge],负面
之前深圳也是 走了好远好远 打车还是排在两千多名  随便拦了一辆车问大哥能不能送我们回去我们付钱  当时我们已经筋疲力尽 嗓子也说不出来 真的很感谢当时送我们回去 的大哥[泪],负面
我们遇到的是我们要一人一百的?,正面
不是，你们遇到的都这么好的嘛？我遇到的都是一人一百，甚至更高，因为去过6周年，所以一直以为地铁会一直运营到凌晨，后面问了本地师傅才知道说是因为西安没接过这么大阵仗的演唱会所以准备工作没安排好[衰],负面
鸭姨在外面注意安全,负面
啊 ，我感觉我打车挺顺利的，也就等了十分钟，就打到了[打call][喵喵][喵喵],负面
我们被本地小草接了！！真的四叶草我哭死[泪][泪],正面
我们遇到的是二十块的路程要收我们三百的nc司机[兔子][兔子][兔子],负面
快回去吧，辛苦了[抱抱],正面
注意安全[抱一抱],正面
真好辛苦了鸭姨,正面
昨天没看完就出来赶高铁，路上遇到一个骑摩托送外卖大哥，问他能不能把我送到地铁站，他啥都没说直接上我上车了[泪]西安好人,负面
西安人民真的很热心！！！！,负面
看演唱会要记得提前预约车呀,正面
西安人的城墙下是西安人的火车 莫名其妙的想到了这一句 （不是）,负面
注意安全，好人一生平安,正面
您的相柳大人提醒您，看小剧场记得擦擦口水[舔屏],正面
我觉得住在海里的相柳大人捕鱼速度应该很快吧？毕竟有九个头呢，想让相柳捉鱼给我吃,正面
我火速赶来#檀健次相柳#[求关注],正面
箭未发，但总感觉我被射中了，怎么回事[吃惊],正面
相柳大人我来了[哇],正面
上班暂停，毛球我来当,正面
下辈子谈个这样的?下辈子谈个这样的?下辈子谈个这样的?下辈子谈个这样的?下辈子谈个这样的?,正面
不要做无谓的挣扎❌你已被我看中?马上钻进麻袋送到我家?不要做无谓的挣扎❌你已被我看中?马上钻进麻袋送到我家?不要做无谓的挣扎❌你已被我看中?马上钻进麻袋送到我家?不要做无谓的挣扎❌你已被我看中?马上钻进麻袋送到我家?​@MIC檀健次JC-T,正面
檀健次[哇][哇][哇][哇],负面
来了[毛球][毛球],负面
太帅了 你是神 你是我的玫瑰 你照亮了我黑暗的生命 让我的世界有了意义 我飞跑我猛跳 我在宿舍的阳台跳起了探戈 你让我意识到神确实存在 我被美到泪流不止 从此世界不再缺水​@MIC檀健次JC-T,正面
啊啊啊啊好喜欢?太用心了吧也?感觉相柳真的和我们在一个世界?,正面
我要你有力自保,正面
"[悲伤]陌上人如玉,公子世无双",正面
啊啊啊啊火速赶来,正面
呜呜呜是不是信号不好啊！为什么我打电话相柳大人九个头一个头也没接通??✋?✋?@MIC檀健次JC-T,负面
好看 爱看 多放[舔屏][舔屏][舔屏],正面
我来了相柳[憧憬],正面
老公！给你科普一下鸭子的种类、达克鸭、小黄鸭、扁嘴鸭、我想你了鸭！！​@MIC檀健次JC-T,负面
啊啊啊啊啊 现场好听的爆 好多人夸你[心][心] http://t.cn/A60HqUcQ,正面
宝贝你表现超好[心],正面
老婆你好棒[打call][心][心],正面
宝贝舞台好棒[送花花],正面
舞台好棒?,正面
爱你呀宝宝[求关注] http://t.cn/A60HqyD9,正面
帅气的咪总[亲亲][亲亲][亲亲] http://t.cn/A60HqbtG,正面
老公你好帅[哇][哇],正面
期待下一次见面[亲亲],正面
今天超级开心，以后每一次见面也会开心[抱一抱][抱一抱],正面
好棒的舞台！期待下一场[哇][哇],正面
米卡太棒了[可怜][可怜]@米卡MIKA,正面
感谢每一个舞台，米卡太棒了,正面
啊啊啊啊宝贝我好爱你,正面
宝贝唱歌很好听❤️‍?❤️‍?,正面
咪总超帅！！,正面
爱您,正面
这张头顶有个❤️ http://t.cn/A60Hqqgr,负面
期待米卡的下一场表演[开学季][开学季],正面
[哇]而且殷商尚白 怎么就不是大婚的标配衣服呢哈哈哈,正面
太子妃看起来能征善战[doge],正面
来都来了，随个礼呗[苦涩],正面
哈哈哈真的很像婚礼跟拍视频,正面
我随电影票两张～[心],正面
我随二百文，记在伯邑考账上，我要坐哪吒那桌[二哈],正面
一身贵气,正面
这首曲子叫啥啊,正面
破站：BV1dk4y1u7hM  继续求评论 想一起讨论CP[开学季],正面
麻烦大家不要快转哈[苦涩],正面
请问这个BGM叫什么，好好听,负面
姐妹这个家不能没有你[打call][打call],负面
是尊嘟，婚礼的时候我坐小孩那桌[亲亲][亲亲]哪吒还去当花童了,负面
我准备好了[拳头] http://t.cn/A60j8O07,正面
好饭好饭啊啊啊啊啊！！！[憧憬][憧憬][憧憬],正面
我随五百,负面
太像了[苦涩],正面
随500,负面
[笑而不语],正面
过于厉害了[赢牛奶][赢牛奶],正面
啊啊啊啊啊啊好期待，期待我的祥云仙子，宝贝快快定档[抱一抱] http://t.cn/A60TIWDA,正面
七时吉祥我为了你??? 我变成狼人摸样??? 为了你??? 染上了疯狂??? 为了你??? 穿上厚厚的伪装??? 为了你??? 换了心肠??? 我们还能不能再见面??? 我在佛前苦苦,负面
期待祥云仙子杨超越[心]七世不同精彩故事，快来预约《七时吉祥》 http://t.cn/A60TIlOv,正面
期待宝宝祥云仙子[哇],正面
期待杨超越祥云仙子[打call][打call][打call],正面
杨超越,正面
好美的造型！好牛的原声台词！好动人的一张脸！演员就是要这样，杨超越yyds！[抓狂]我要把命都给她！ http://t.cn/A60TIjtd,正面
宝宝宝宝 啊啊啊 我来[耶] http://t.cn/A60TIlDr,正面
千乘载花红一色，人间遥指是祥云，祥云降世，天下何处无云。慧心巧思，天选祥云，期待祥云仙子@杨超越,正面
啊啊啊啊啊啊啊，期待祥云仙子[开学季][开学季][开学季],正面
祥云仙子[鼓掌][鼓掌][鼓掌] http://t.cn/A60TIj9y,正面
宝宝期待你的祥云仙子 http://t.cn/A60WKQ6D,正面
宝宝等你 http://t.cn/A60TIYSr,正面
我的祥云仙子要来了吗[亲亲][亲亲],负面
杨超越主演快穿无限流神话色彩古装七时吉祥，?欢迎预约来看 http://t.cn/A60TIlsc,正面
期待祥云仙子 http://t.cn/A60TIjUX,正面
期待祥云[阿洛娜],正面
期待七时吉祥[好爱哦][好爱哦][好爱哦][好爱哦],正面
期待期待宝宝[污] http://t.cn/A60TIjKa,正面
期待祥云仙子,正面
谢谢贾老师，山高水长，期待和檀健次的下次合作,正面
啊为什么 那谁来做编剧啊 不会因为现在变成一块好饼之后争着抢 然后把您踢了吧,负面
不是发生了什么，有资本塞人还是乱改剧情啊？？？不要啊！！！！！,负面
不接受不是您团队参与编剧的猎罪2[苦涩] 这部剧无论演员演技有多优秀，剧情是基石啊[苦涩],正面
理念不合四个字，感觉第二季不会好看[泪][泪][泪],正面
啊[衰]贾老师没有参与第二季吗[泪],正面
有种亲儿子被拐了的感觉[微笑],正面
确实是有些遗憾，或许有其它机缘，再相见 http://t.cn/A600UZbv,正面
不愧是玩文字游戏的，把阴阳怪气完成得这么丝滑，只要不合作，剧方就被冲到前面挨骂[doge] 只能说是等播出后审判一下才知道是真是假了[汗],正面
等一下，这个理念不合是加女主吗[苦涩],正面
不是原编剧就已经不是原版人马了，编剧能决定一部作品剧情走向的好坏,正面
我真的会无语，原创剧本换编剧？？？？？不会真的是硬塞角色吧[吐][吐][吐],负面
啊？好离谱的，我说。 他们以为《猎罪图鉴》是怎么火的啊。 最重要难道不是他的原创剧本在一众ip化影视中极具特色。 最最重要的是原创剧本的魅力呀，然后才是主演的加成。 光要原班人马有什么用,负面
谢谢贾老师第一季的诠释 如果有机会希望还可以和檀健次合作[老师好][老师好],正面
？？？啊为什么？可是我期待第二季就是为了你们的剧本故事啊，演员演绎是一方面，剧本一样很重要啊[苦涩],正面
我怎么感觉是先约了演员，确定第一部主演都答应出演了才搞这出幺蛾子？那不是害死演员了吗！！！假设已经签了，现在换了编剧，演员毁约就是付违约金了。我擦，真会玩儿啊。[苦涩],负面
懂的都懂， ​编剧辛辛苦苦把原创IP做起来， ​资本方凭一纸委托创作把编剧踢了。,负面
贾老师，别删博！！别删句！我tm挺你到底！！！！支持原创编剧！！！！！啊啊啊啊啊啊啊啊啊啊啊我心梗了尼玛[苦涩][苦涩][苦涩][苦涩][苦涩]我要为内娱优秀原创编剧和资本对抗！！！！！！！！！！！！！！！！！！！！！！我就不信了，无法无天了！！！！,正面
感谢贾老师为我们写出了这么好的一部《猎罪图鉴》 山高水长 期待您与檀健次的下一次合作,正面
没事，国内悬疑罪案我就等您家出品！无论哪一部，都会一直关注。,正面
论搞笑的点还是得腾哥出手才行,正面
我比较好奇这个是什么综艺，还挺有意思的,正面
大勋你要听人家老师的，少说话,正面
果然没上上网，大勋真的挺火的,正面
看把魏大勋说的都不好意思了,正面
这个词语确实多少让我没想到是从腾哥嘴里出来,正面
魏大勋你就安静的坐那里，不要笑啊,正面
腾哥是不是也追魏大勋的剧了,正面
腾哥现在都是在5G冲浪的，不要小瞧哥[doge],正面
这个综艺聚集了娱乐圈两个显眼包,正面
魏大勋说我真的谢谢你，不知道怎么搭话了,正面
想知道这个是什么综艺，想去追了,正面
魏大勋现在是怎么看都是帅[偷笑],正面
在狂飙里就是感觉他特搞笑哈哈哈被吸引了[爱你],正面
腾哥跟谁交流都很好玩，欢乐多多,正面
腾哥平时也爱上网冲浪，幽默搞笑担当吧,正面
承包了我今日份快乐源泉，着实想笑了,正面
沈腾看来是一个高强度冲浪选手,正面
这个节目一看就挺热闹的哈哈哈,正面
这个什么综艺，看着这些人就觉得挺搞笑的[挤眼],正面
在心里约定陪你到永远[心]演唱会一定到[全力以赴] http://t.cn/A60HvMDS,正面
期待演唱会，打勾勾了[哈哈],正面
拉勾勾[色][色][色]支持twins到120岁[色][色][色]一日系twins[打call]一世系twins[打call][打call][打call],负面
拉勾勾啦[哇][哇]宝贝好美[羞嗒嗒][羞嗒嗒],正面
啊啊啊啊啊啊拉勾了！！！期待twins演唱会！！[打call][打call],正面
有的呢宝贝[开学季][开学季][开学季],正面
拉勾[开学季],正面
拉勾勾[赢牛奶][赢牛奶],正面
有！！！想死你们的演唱会啦[抓狂],负面
我们拉勾勾 谁都不准走[爱你] http://t.cn/A60Hv7po,正面
有啊有啊！！[心][心][心][心]拉钩上吊，一百年不许变[哇][哇][哇],正面
昨晚前排为你呐喊！与你打勾勾[抱一抱]@鍾欣潼,正面
看这是我唯一的姐[色][色][色] http://t.cn/A60TsDr2,负面
有有有[愛你][愛你],正面
心不跳了[抓狂][抓狂]不信你摸摸,负面
好靓，宝贝[送花花][送花花][送花花][送花花],正面
[心]拉勾,正面
打勾勾，约定你们[抱一抱],正面
拉勾[亲亲][亲亲],正面
真的不打算不来重庆吗,正面
p6梦回这张[苦涩] http://t.cn/A60YvToW,正面
湜祖还是这么帅[悲伤],正面
[笑哈哈][笑哈哈],正面
就泥小子能说会道的。[鲜花][鲜花][鲜花][允悲][哈哈][笑cry],正面
泥小汁挺押 rapper?年会就靠你了,负面
你突然发微博吓得我的妙脆角撒了一地▼▲►▼▲►▼▼▲▼▲►▼▲►▼▲►▼▲►▼▲►▼▼▲►▼►▼▲►▼▼▲►▼▲►▼▲►▼▼►▼▲►▼▲►▼▼▲▼▲►▼▲►▼►▼▲►▼▲►▼▲▲►▼▲►▼►▼▲▼▲►▼▲▲►▼►▼呜呜呜赔我的妙脆角，赔我的妙脆角?,负面
好早啊[酷][赞]那我就期待一下提提会不会翻我吧[酷][赞],正面
我直接在你评论区摆摊 鱼香肉丝盖浇饭 ¥ 15 红烧茄子盖浇饭 ¥ 15 青椒肉丝盖浇饭 ¥ 15 咖喱鸡肉盖浇饭 ¥ 18 红烧肉盖浇饭 ¥ 13 木须肉盖浇饭￥ 13,负面
p6这是什么尸体视角啊[笑cry],正面
最后一张是在解剖我嘛[喵喵][喵喵],负面
p6有一种要解刨我的感觉，，，[衰],正面
请问提提这是法医探案团要第二季了嘛[哇][哇][哇]（p6是什么？尸体视角吗[喵喵]）,正面
一群法医最后那个视角看我还是怪吓人的[泪],正面
屈姐好美！仿佛跟你不是一个次元的[偷笑],正面
法医探案团 一起去探案[haha],正面
屈屈的毛裤一看就很暖[哇],负面
可爱[举手],正面
好诗[可憐],正面
啊，是的。 http://t.cn/A60Y4q2U,中性
你为什么不多发点你为什么不多发点你为什么不多发点你为什么不多发点你为什么不多发点你为什么不多发点你为什么不多发点你为什么不多发点你为什么不多发点你为什么不多发点你为什么不多发点你为什么不多发点你为什么不多发点你为什么不多发点,负面
这不得不夸一夸饿了么用心了,正面
给视障群体多一些关注和关爱,正面
视障人士的福音来了,正面
新一期视障用户免单专场，同时将8月7日定为“无障碍免单节”,负面
很喜欢饿了么的做法，让他们更开心,正面
不得不说饿了么还是比较暖心的,负面
用爱心温暖彼此[太开心],正面
让视障群体也感受到爱,正面
为视障用户贡献自己的一份力量，饿了么好样的,正面
饿了么用心了，这个操作很给力[可爱],正面
饿了么还是这么的温暖人心啊,正面
希望他们能够保持对生活的热爱,正面
饿了么这个免单活动搞的可以，很暖人心[憧憬],正面
饿了么也是为社会做贡献，为视障人士谋福利,正面
饿了么这波操作我给满分[打call],正面
免单活动还是非常不错的，给视障人士送温暖[太开心],正面
饿了么这样子的行为真的好暖心[悲伤],正面
免单专场这个活动办的非常好,负面
饿了么一直都非常不错，相信很多人都感觉到了温暖[太开心],正面
饿了么这波操作确实帮助了视障朋友们,正面
那他的父亲妻子儿子该怎么办啊，一家顶梁柱[悲伤][悲伤],正面
一定要对英雄做好抚恤工作，太难了,正面
向英雄致敬，也要好好照顾家属啊，给予保障,正面
“不需要你认识我，不渴望你知道我，我把青春融进，融进祖国的山河，山知道我，江河知道我，祖国不会忘记，不会忘记我…”,正面
太惨了吧,负面
致敬,正面
[蜡烛],负面
哎，照顾好家人,正面
[泪][泪][蜡烛][蜡烛][悲伤][悲伤]//@天空有云0806:那他的父亲妻子儿子该怎么办啊，一家顶梁柱[悲伤][悲伤],正面
[蜡烛][蜡烛][蜡烛],负面
英雄一路走好[蜡烛],正面
[蜡烛][蜡烛],负面
[蜡烛][蜡烛][蜡烛][蜡烛],负面
[蜡烛][蜡烛][蜡烛][蜡烛][蜡烛][蜡烛],负面
实惨?,负面
期待吴磊期待叶洪王 祝开机大吉,正面
徐导说“以前这房上是飞贼的世界”，派南方贼王吴磊上去看看[羞嗒嗒],正面
期待吴磊饰演的叶洪王！！南方贼王！！！,正面
终于等到吴磊演武侠片，叶洪王——南方贼王，好带感啊！！,正面
恭喜磊磊开机大吉，期待叶洪王[打call],正面
祝电影《入型入格》开机大吉 拍摄顺利 期待@吴磊LEO 饰演的叶洪王～,正面
谁不想和南方贼王抱抱呢！！！祝《入型入格》拍摄顺利！！！,正面
大声尖叫尖叫！抬头挺胸收腹展臂！飞翔！虔诚许愿磊子武侠角色终于成真啦！！超猛超勇的南方贼王磊好哇！！！,正面
电影《入型入格》开机大吉！[赢牛奶]已经搬好小板凳，期待动作武侠电影《入型入格》，期待南方贼王叶洪王@吴磊LEO ！[我来了],正面
期待贼王叶洪王！期待吴磊在电影《入型入格》中的精彩演绎！,正面
吴磊x武侠x徐浩峰！圆梦了属实是[锦鲤附体]祝拍摄顺利[赢牛奶],正面
电影《入型入格》开机大吉！拍摄顺利啊[打call]已经搬好小板凳，期待电影《入型入格》，期待叶洪王@吴磊LEO,正面
武林中人不仅办事要“入型入格”，说话也要“漂亮”，是武学修为，也是修行参禅，恭喜电影《入型入格》开机，期待@吴磊LEO 饰演的南方贼王,正面
武侠电影，还是民国武侠电影，一下子满足了好多好多期待。《入型入格》开机大吉，吴磊叶洪王冲[爱你][爱你],正面
啊啊啊武侠电影！！！祝拍摄一切顺利！期待@吴磊LEO 新角色[打call],正面
???无一人不是我，我之外无一人。期待徐导！期待入型入格！期待吴磊叶洪王！???,正面
电影《入型入格》开机大?恭喜吴磊解锁新角色? 期待吴磊首部动作武侠电影[打call][打call],正面
开机大吉 期待吴磊[亲亲],正面
南方贼王@吴磊LEO  你哪里跑！！！,正面
期待吴磊！！！！南方贼王,正面
啊啊啊我也想去啊[泪][泪],正面
啊啊啊啊宝宝,正面
宝宝看完可以去西安玩一玩[馋嘴],正面
宝宝刚拆的@邓恩熙 http://t.cn/A60Hv7E1,正面
是漂亮宝贝[哈哈] http://t.cn/A60Hvwvn,正面
宝宝 玩得开心?,正面
宝宝玩得开心[抱一抱][抱一抱],正面
宝宝注意安全玩得开心[抱抱],正面
宝宝多拍点照片分享[泪][泪][泪],正面
宝宝玩的开心呀[亲亲],正面
宝宝晚上好，玩得开心！！！,正面
宝宝玩的开心[送花花][送花花][送花花],正面
宝宝玩的开心,正面
宝贝，多拍几张照片，我去不了，你替我好好看[泪][泪][泪][泪][泪],正面
宝宝 西安的美食有很多 也有特别特别美的古城 可以去city walk一下！玩得开心[抱一抱][抱一抱][巨齿鲨2：深渊],正面
哇[哇][哇],中性
宝宝玩得开心哦,正面
啊啊啊啊宝贝多拍两张照片，还有vlog[泪][泪],正面
哇  你也去啦！,正面
自家人都没有内场票[泪][泪],正面
@南阳晚报,正面
第一个把我也双了[单身狗],负面
第一个老早就把我双了[微笑],正面
有一个是我好友[doge],正面
第一个也双我了[憧憬][憧憬][憧憬][憧憬],负面
第一个也双我了！[抓狂],负面
第一个也把我双了,正面
第一个也把我双了[微笑],正面
[微笑]才发现第一个也双我了,正面
第1个也双了我,负面
第一个也双我了,正面
第一个和第三个也把我双了[微笑],正面
好惨,正面
你好惨啊[抱抱],正面
好惨[悲伤][悲伤],正面
有一个也取关我了[泪],正面
第一个也双我了[悲伤],正面
惨惨,中性
她也把我双了 还是无痕,负面
同道中人啊,正面
宝宝大连见！,正面
哇哇哇哇哇宝宝真的帅大连见,正面
朱志鑫,负面
宝贝我可以去看你啦！今天周年的礼物也要准备好啦，都是好事也希望后面每一个我们也都能顺顺利利见到宝贝，宝贝有被很多很多人喜欢，我们会一直陪你的[抱一抱]大连见啦！,正面
朱志鑫C位出道,负面
阿志！再过不久我们又可以与你见面啦.最近阿志训练是不是很辛苦，要好好休息！好期待到时候又可以在舞台上看见怎样的你~每一次舞台都会给我们带来惊喜！！这次我们会准备的更加充分去见你，去给你属于你的黄海??,正面
宝贝宝贝啊啊啊啊,正面
宝宝演出顺利[彩虹屁],正面
朱志鑫你是最棒的！！,正面
宝宝你是百变小棍～[彩虹屁]一天一个发色诶[求关注]每个发色都那么好看～我太喜欢昨天的白发啦！能不能半永久！[害羞]不知道大连的你会以什么发色演出呢？期待期待！！?宝宝也要好好休息不要太累！多给我们发发自拍！[憧憬],正面
宝宝好想你[朏朏],正面
你是第一,正面
宝贝！宝宝的粉丝已经有600w+啦！?特别多的朋友非常喜欢你！我们的阿志宝贝一直在闪闪发光！600w粉丝福利会是什么呢[哇]距离演唱会的日子越来越近，也越来越想你啦！王冠加冕，朱志鑫C位当仁不让！是你给我们的勇气！我们会奔向你！黄海也会奔向你！??,正面
卧槽，好帅,负面
我好愛你[心][淚],正面
宝宝期待?大连见！,正面
阿志演出顺利,正面
期待！,正面
帅呆了,正面
官方通报：#舒兰本轮强降雨致6人遇难#http://t.cn/A60YB6ci,负面
#吉林舒兰公布捐款捐物渠道#http://t.cn/A60YjcWv,正面
这么身先士卒难得的好领导一定要平安啊,正面
望平安,负面
看着热搜全是时代峰峻，舒兰的这些英雄们才值得一个热搜[泪],正面
基层太辛苦了,正面
舒兰，副市长用生命换来了关注。吉林市一直都没有存在感，洪水淹没了房顶，很多人无家可归，但一直都不受关注。直到副市长殉职[泪],正面
走在一線的好公僕，希望可以平安,正面
勾八热搜第一名还是一群穿着黑色拍个照的照片  微博能不能赶紧倒闭  各地都在抗洪抢险，微博在勾八干嘛啊,负面
已经很多年了，基层的命都不值钱，汛期只要下雨，即使面临塌方的危险，你也得半夜赶回去，把那些不愿意转移的老祖宗背出去抬出去,正面
为这么好的领导转发,正面
这么好的官少啊，一定平安啊！,负面
那些阴阳的人都闭嘴吧，副市长、市长都是人家勤勤恳恳工作得来的认可，谁也不欠你的，都是为人家的孩子、丈夫、爸爸，希望平安！,正面
原来我们副市长这么好[单身狗][单身狗],负面
这种冲到一线的[泪][蜡烛]希望平安。这次洪灾挺严重。连续两年北方洪水了。得考虑考虑了,正面
人民的好干部啊?,正面
举报热搜第一，烦死了,负面
热搜上去，关注东北,正面
愿平安，基层一线真的很辛苦,正面
转发+评论+点赞 原微博，抽三个人送封神电影票一张！！！,负面
转发带话题词#封神为什么这么多自来水# ，揪6个人平分666?！冲啊！,负面
[打call][打call]封神值得，明天去二刷[苦涩]真的很好看，每一位演员都是自己争取来的机会[泪],正面
里面满满的看点，真的很值得一看,正面
封神确实很好看啊，没看之前还有点没底气，看完之后太震撼了,正面
厉害了，好看的电影真的是值得追看！很多经典的片段也是付出了努力,正面
演员演技在线 制作精良确实值得,正面
因为封神值得，我几乎每天都会安利给朋友，每天发一条关于封神的朋友圈，我也不知道我怎么就魔怔了，可能我真的不想再看烂片了，难得好看的电影我必须支持！！！！！！,正面
想知道真的好看吗[抱一抱],正面
乌尔善每部电影都让人惊艳！！欣赏不了的黑子就只配看小品电影[微笑],正面
真的超级好看，适合中国宝宝版的漫威[打call],正面
因为封神的剧情就是很值得啊,正面
封神真的是我好爱的电影，之前从来没有过，期待第二第三部这样子，每个人演的都非常好，乌尔善导演真的好用心，语言组织能力不太好！,正面
因为他的每一分钟都没有人我失望[泪][泪][泪][泪][泪][泪][泪][泪][泪] http://t.cn/A600ESDp,正面
武戏足够震撼，文戏动人心弦，制景大气磅礴，全员演技在线，文化科技紧密结合，总之很赞！虽然不完美，却是中国传统故事工业化电影的高起点！[good][good][good][可爱],正面
主要觉得很尊重我啊。花同样的钱我，为什么不去看不忽悠我、不把我当傻子的电影啊。希望更多人去看，我很期待二三部啊,负面
说明这个拍的是真的好呀,正面
我快一年没进过影院看电影了，看了《封神》，直接发疯。电影里的一切都在传递着“我是被真诚对待的观众”。酣畅淋漓，意犹未尽，我不理解黑子的黑点从何而来，电影也许不是最完美的，但他是中国神话电影的一大步。东方的神话史诗，它配得上这个称号。,正面
已经二刷啦，等妈妈来了，带她三刷,正面
都去看这个视频说的，我们觉得被尊重了，所以自然而然成了自来水，都想要被更多人看见,负面
老大[我来了],负面
啊啊啊啊啊啊老公,正面
哇啊啊啊啊啊,正面
恭喜蒋俊豪[开学季][开学季],正面
啊啊啊,正面
早啊老大,负面
啊啊啊啊啊啊啊啊啊,正面
老大啊啊啊啊啊,正面
早安[好爱哦][好爱哦][好爱哦],正面
早安老板,正面
蒋俊豪好棒[彩虹屁][彩虹屁][彩虹屁][彩虹屁][彩虹屁],正面
啊啊啊好帅[爱你],正面
小蒋，舍不得你！！,正面
啊啊啊啊啊,正面
啊啊啊啊啊啊,正面
啊啊啊啊啊老大[哇],正面
啊啊啊啊啊啊啊,正面
早呀蒋俊豪,正面
哥[親親],正面
啊啊啊啊啊恭喜,正面
[爱你][爱你]甜妹迪丽热巴 http://t.cn/A60Y0gha,正面
迪丽热巴好棒[哇] http://t.cn/A60Y0rqH,正面
好甜好甜[打call][打call] http://t.cn/A60Y0kBs,正面
哈哈哈 可爱热巴[笑cry],正面
一起看迪丽热巴[送花花][送花花][送花花],正面
迪丽热巴甜疯我了,正面
迪丽热巴[哇][哇][哇][哇][哇],正面
太喜欢热巴了真诚又有梗[good][good][good],负面
她太甜了[送花花],正面
吸引人的， 西蒙·迪丽热巴????,正面
甜甜的热巴好可爱[哇][哇],正面
彩排物料啥时候放[哈哈],负面
洪水离你们太远了,负面
迪丽热巴好美[爱你],正面
这一期能看好几年,负面
甜热热迪丽热巴[送花花] http://t.cn/A60YjzVF,正面
哇 迪丽热巴 http://t.cn/A60TfjkA,正面
热巴真的太可爱太搞笑了。这一期的笑点都在她身上啊！！[笑cry][笑cry][笑cry]笑得捶地啊！！,正面
太甜了吧,中性
毫无负担，放轻松[打call][打call][打call],正面
和 @淄博中院 一起关注热点，传递法治资讯@成都政法,正面
传播资讯,正面
@成都政法 关注,正面
共同关注,正面
共同关注[举手],正面
关注[话筒],正面
关注@成都政法,正面
关注 [浪]@精彩洛阳,正面
@成都政法,正面
关注,正面
涂山璟，我拍到了你未婚妻与你大哥勾结的证据，V我50我发你原图 http://t.cn/A60p9Vzu,负面
干得好 http://t.cn/A60p9td9,负面
十七:我一下子就甩开了[doge],正面
图片评论 http://t.cn/A60p9t5l,负面
做得好！,正面
很守男狐德嘛,正面
好！很好！赏吻戏,正面
干得好！奖励小夭亲亲一个 http://t.cn/A60p93DC,负面
好样的！！！！她还跑去和你哥亲嘴,负面
To防风意映 http://t.cn/A60p9ViE,负面
干的漂亮 http://t.cn/A60p9Vd6,正面
干的漂亮 奖励你和小夭亲嘴[爱你][爱你] http://t.cn/A60p9Tkw,正面
下次能不能当着小夭的面甩啊[抓狂],负面
臣妾要告发防风意映私通！秽乱家族！罪不容诛！！,正面
璟心里只有夭[笑哈哈][笑哈哈][笑哈哈],正面
你能不能当着小夭的面甩！！！！[怒],负面
把那一块布割了，脏[doge],负面
她一下子拉住我了 我立马推开说“这是另外的价钱”[doge][doge],负面
不愧是大荒首富，守男德都要买个热搜[喵喵][喵喵][喵喵][喵喵]有钱了不起,正面
上大分[doge][doge][doge] http://t.cn/A60pW7tu,负面
王鹤棣东方青苍一周年快乐?你希望东方青苍有朋友有兄弟有忠诚有人爱，我希望你也一样，兄棣伙会永远爱你支持你?,正面
恭迎尊上[心][心][心]#王鹤棣东方青苍开播一周年#,正面
尊上一周年快乐！[好爱哦][好爱哦][好爱哦],正面
啊，一周年快乐,正面
“尊上威武！ 恭迎尊上归位”（左臂勾起）（右臂狠狠地锤向左臂）（眼神坚毅）！,负面
苍帝，一周年快乐[羞嗒嗒],正面
东方青苍一周年快乐[色],正面
一周年快乐苍[亲亲],正面
一周年快乐[憧憬][憧憬][憧憬],正面
啊回忆,正面
恭迎尊上归位！,负面
东方青苍一周年快乐,正面
东方青苍一周年快乐[打call],正面
苍帝一周年快乐 愿平行世界的东方青苍平安喜乐，有朋友，有兄弟，有忠诚，有人爱，再也不会孤单 爱是永不熄灭的业火 苍盐海的月亮永不坠落！,正面
苍盐海的月亮永不坠落 http://t.cn/A60HmVAE,正面
一周年快乐宝贝[泪],正面
爱是永不熄灭的业火,正面
一周年快乐！永远不说再见?,正面
东方青苍,正面
啊对对 新疆偏远 没吃的 啥都没有 话都让您老人家说了,正面
第二季看着越来越智zhang,正面
她怎么这个样子啊[微笑]p3看着看着吃的挺香啊[微笑]不过现在看也是有点ex了[微笑],正面
救命 新疆是盆地,正面
新疆是高原？？,负面
原本觉得上个周播的那期网友们过度解读了，现在看是我单纯了[泪][泪],正面
偏远地区看不起人家你还在那小马哥小马哥的叫[汗]，而且松子爷爷公司注册1200万，小马哥公司注册500万[doge],正面
嫉妒心强 优越感高,正面
我超级讨厌她，没有分寸,正面
胖婶为啥又上热搜了,负面
显眼包xan  说毫无食欲 吃的腮帮子撑得那么大 呕～[吐],正面
偏远地区……笑死了…人家给你招待的那么丰盛。你真的满嘴阴阳文化。6。,正面
[黑线]有没有文化啊 新疆是高原吗 还说没吃的 哪次她也没少吃一口 下季你们一家还是别来了,负面
别让我看到这个people 娘了[微笑],正面
毫无食欲是第一天刚到新疆，看节目也是她没吃几口不舒服回去休息了，胃口好是第二天。虽然我也不喜欢她的骚操作但真的没必要尬黑,负面
爷爷一辆小汽车好几千块钱，他家两辆，我真不知道她怎么好意思说出口。,负面
没事吧没事吧，新疆那是高原呀？我们这盆地，服了服了[汗],负面
不是[疑问]来新疆脸肿嘴肿胀？还从没见过有谁来新疆会这样[黑线]嘴里有真话吗,负面
笑到抽筋 初中没学过地理吗 新疆是高原哈哈哈哈哈哈哈哈哈哈哈哈,正面
她真的是，没有一句骂是白挨的[允悲],正面
回个私信呗,正面
这季节户外跑真的是猛士，太帅了,正面
丽痣,正面
直角肩！！！,负面
闷,负面
这个年代自律的人，都挺牛的,正面
好看,正面
夜跑去了？,负面
身上香不香,正面
那你怎么吃饭[笑cry],正面
还好有面包吃,正面
注意安全,正面
太难了[抱抱][抱抱][抱抱][抱抱][抱抱]坚持住,正面
保重[抱抱],正面
你先搬我家来住吧！,负面
家里有囤吃的吗[抱抱][抱抱]北京暴雨看着好吓人,正面
门头沟的同事说昨晚来水了,负面
养老金的差距越来越大，大量低养老金的即便每年加几百块，一样请不起雇工！穷人就指望自己身体好点吧！,正面
计划生育的后果逐渐显现,正面
自己掏干退休金请保姆一般舍不得。大部分是子女出一部分（视能力大小和配偶态度决定出资额度），也有经济实力强的全出；出钱的基本出发点是：只要不住我这。能出钱的还算孝顺的，既不愿自己照顾又不肯花钱的多的是。当下至往后，老了就是灾难，不敢老。,正面
不尽情玩耍一下会憋死的，我妈妈活到九十几，我们都要上班带孙子，请保姻照顾了二十年，请的保姆和护工都很负责任，我们都很感恩她们，也体会到她们的艰难。,正面
如果不能未雨绸缪，那么不远的将来这个问题将难以面对！,正面
个人觉得还是要提高劳动生产率，才能走更多的人去从事服务业，服务业的待遇才能提高，,负面
护工大多数出来挣钱的，用心人少，特别是对失能老人更没有用心照护！关键是老有所养没有到位！！！！,正面
幸好还有退休金,负面
他们自己也能运动，就是懒,负面
缺乏职业道德！,负面
不要怀疑春天,正面
花钱请保姆看跳舞,负面
哦，无所谓，我是极端男权，打击一切国♀,负面
博主你的操作很牛，跟我最近在跟的一个博主很相似，我主页第一条博文有他的操作，可以对照一下。,正面
这就是小康社会的体现？,正面
以后保姆都请不到了。,负面
绝大部分老人能有饭吃就不错了，还请保姆[允悲][允悲][允悲],正面
此微博已被收录到“北京同城”展示，看本地人新鲜事来同城 。http://t.cn/A6yZypDg,正面
[doge][doge],中性
Sapphire[爱你],正面
很想认识一下好看的小姐姐[允悲],正面
哈喽?我是张凯 定位北京三里屯The First Salon高端沙龙品牌?我这边可以帮您免费做头发 ?互勉要求:做发型之前会和你沟通，发型一定是围绕着适合你、有改变的角度去设计，和顾客一样  会认真对待 共同完成出好的作品 不认真做对我也没意义 您可以放心也不是练手❤️,正面
哇,正面
你好，拍京东商品吗？,负面
十年了 看来是真的爱,正面
加油,正面
老师好,正面
很充实,正面
加工资,正面
什么工作啊,正面
我不信，你在说反话,负面
什么工作这么上头,正面
北京呢？  天津跟上跟西安一样直接办理户口？,负面
北京会增加人数么？,负面
德州不是乳状云 我发不了图片[泪]就是一坨黑云里面伸出了一条细丝。“昼中或日落后，天际睛朗，而有云细如一线甚长，震兆也。”这个很贴切,正面
早上起来都说昨天地震了[裂开],负面
地理学这个？别逗好吗[允悲],正面
地震云伪科学不是嘛,正面
德州今天的云很…就是很好看但我跟朋友说像世界末日来了,正面
有啥不好意说的呢,负面
昨晚地震时间是在两点多,正面
拍的好好看，里面透着一丝蓝光[允悲],正面
我也拍到了同款 还跟家里人说看地震云[允悲] 但也没好意思广而告之,正面
怎么看是不是地震云,正面
一会儿还有吗[泪],正面
早在好几年前吉林松原地震时专家就说了，没有地震云一说,正面
认认云☁️ http://t.cn/A60ThpbJ,负面
临沂昨天在下雨，晚上也在下雨，我就知道外面下大雨了，打了个雷我就翻了个身睡觉，早上起来人家说地震的[哈哈],负面
别在这误导了，害怕误导别人你还发出来，学的稀巴烂就多看看相关材料涨涨知识,负面
现在地下井少了，井水冒泡还挺好辨认地震的,正面
多圈月华[笑cry],正面
昨天济南的云是粉色的,正面
昨晚的夕阳确实红红红的，很漂亮。没觉得自然有哪里反常。就是最近几天（不知道前面怎么样哈）河里的鱼很多很多，一网下去一定有好几条。,正面
很标准的地震云,正面
离你不远，可以一起夜跑[二哈],正面
我看上你粉色枕头了麻烦交给我保管,正面
武汉？,负面
可,正面
早起起不来啊,正面
可以交个朋友离挺近,正面
想睡没有机会呀,正面
谁懂呀 看见这走不动道了,负面
腋毛该刮了,负面
[苦涩]希望没有伤亡,正面
还会有余震吗[泪],正面
山东怎么也会地震我这辈子第一次感觉到,正面
河北沧州震撼强烈，愿平安！,正面
河北宁晋，衡水，石家庄震感明显,正面
希望千万不要有人员伤亡，大家都平平安安的！！！,负面
天津有+1,正面
请问有没有德州平原的小伙伴，你们那里没事吧，好几个评论没有你们，没事吧,负面
第一次听到地震预警响[泪],正面
济南人吓死了[泪] http://t.cn/A60TvOyi,正面
可以继续睡了吗[苦涩],正面
愿平安,负面
河南安阳也有感觉！！,负面
坐标张华镇。房屋有少许损坏。人员平安。,负面
但愿都平平安安[粽意你],正面
?,正面
河南商丘，大半夜晃的我以为床下藏了个人，一直心慌到现在[泪],正面
[微笑]苹果手机连地震预警都没有，太拉了。官方有什么地震预警软件吗[泪]突然觉得太重要了！,正面
天津被晃醒的[泪][泪]我还以为我做梦梦到海上副本了[苦涩][苦涩],正面
这里宁津县，刚经历地震了好吓人[苦涩],正面
#2023年全民健身线上运动会#多巴胺运动节，一起燃烧你的卡路里！,负面
你好，你的签到微博已被“微博同城”收录，保持分享，帮更多同城小伙伴发现宝藏打卡地，还有机会被同城精选推荐哦，更多签到微博发布方式：http://t.cn/A6xQdJpE,正面
还得是朝阳最热闹最有活力。,正面
看起来会疼的样子,正面
慢性湿疹还是荨麻疹？,正面
这个不好 治疗,正面
挺白的啊,中性
突然想给你挠痒痒,负面
啥过敏啊,负面
偶尔我也有这样的，不知道怎么弄。就不碰不挠靠时间自然消,负面
忍忍不挠它咯，看着都痒[费解],负面
这不是过敏吧？,负面
那建议呆在家，家里比外面好,正面
这这这……,正面
显然易见还不小,正面
提高免疫力多运动早睡早起就会好[泪]我以前也得了后来天天十点半就睡觉五点半就起床去运动，晚上也运动就好了[打call],正面
我怎么觉得是湿气重呢,负面
过敏不好治,负面
谁懂啊家人们…1024[成人礼],正面
炉甘石溶液，我就是用这个擦好的,负面
不说过敏，还以为是种的草莓,负面
易过敏体质要查过敏原，尽量避免接触。,负面
我想杀了过敏[怒][怒][怒][怒],负面
您好，拍淘宝商品吗？[666],负面
还有这个！！ http://t.cn/A60jJgkr,负面
第二张千玺是不是扶小源了[悲伤][泪],正面
这张源没被挡！ http://t.cn/A60jX00G,负面
今夕是何年[苦涩],正面
还牵手了[爱你],正面
这三年的第一张非p合照！,负面
谁不知道他们仨现在住同一个别墅[泪][泪][泪],正面
！！！千智鹤好花心一男的[鄙视]和karry牵手完了又和马思远说悄悄话！大晚上逛城墙你们仨还挺有精力[鼓掌][鼓掌],正面
妈妈我看见他们三个站那么近[泪],正面
“现在也不知道你们仨谁高了” 三年了，终于知道哥仨的身高差了[泪][泪][泪]终于！,正面
卧槽，谁说他们陌生人的？（我道歉）这一看就是一家三口好吗！！！[爱你][爱你][爱你],负面
是正脸！！！是合照！！！,负面
我靠 这素谁啊 不会是俺们tfb吧,负面
站那么近不要命啦,正面
我靠我靠！活的！！！！,负面
我靠我靠，走这么进，你两说啥呢让我也听听,正面
我靠我靠我今天刚逛完啊啊啊啊啊啊啊,正面
卧槽,中性
我困的快合上的眼瞬间睁大了,正面
噼里啪啦 噼里啪啦 噼里啪啦[泪][泪][泪],正面
太子帅惨了 http://t.cn/A60C8Ub4,正面
龚俊韩烨打戏好丝滑[赢牛奶][赢牛奶] http://t.cn/A60C8y7m,正面
事烨批来了 http://t.cn/A60C8yxZ,正面
今晚看太子殿下搞事业[舔屏][舔屏] http://t.cn/A60C8ylx,正面
今晚看韩烨保卫大靖[全力以赴] http://t.cn/A60C8yJY,正面
太子殿下打戏好帅 http://t.cn/A60C8bPm,正面
????龚俊韩烨，容冠中原??? ????龚俊韩烨，深情似海??? ????龚俊韩烨，一眼万年???  ??深爱太子韩烨@龚俊Simon ?? http://t.cn/A60C8ypS,正面
龚俊打戏爱看，[打call] http://t.cn/A60C8Upu,正面
今晚看龚俊韩烨 http://t.cn/A60C8Uxz,正面
保卫大靖 韩烨义不容辞[全力以赴] http://t.cn/A60C8tFL,正面
迪丽热巴任安乐 http://t.cn/A60C8yrb,正面
能不能别天天炒cp..烦亖啦！ 看我一身戎装大格局，大女主迪丽热巴任安乐&帝梓元，保家卫国，护佑天下百姓！ http://t.cn/A60C8UJY,正面
迪丽热巴任安乐[憧憬] http://t.cn/A60C8qZ2,负面
今晚继续看任安乐帝梓元[哇],正面
待会见任安乐[求关注][求关注],正面
迪丽热巴任安乐打戏好帅啊啊啊[春游家族] http://t.cn/A60C85mk,正面
帝梓元[爱你][爱你][爱你],正面
迪丽热巴任安乐[哇],正面
迪丽热巴任安乐[心],正面
任安乐美哭了 http://t.cn/A60C8bqv,正面
#杨紫小夭# 我的大王姬！,负面
杨紫小夭 我想娶你做老婆[抱一抱][抱一抱][抱一抱][彩虹屁][彩虹屁][彩虹屁],正面
小夭嫁我！！！ http://t.cn/A60TmmWP,负面
号外号外明天更新可以看到小夭了[舔屏][舔屏] http://t.cn/A60TmkOi,负面
小夭和我最配[拳头][拳头][拳头],负面
杨紫小夭[打call][打call][打call]#杨紫小夭#,负面
小夭[抱一抱][抱一抱][抱一抱]#杨紫小夭#,正面
哈哈哈哈[哈哈]小夭大王姬，我报名夫婿海选[哈哈],正面
杨紫小夭想嫁谁嫁谁 妈粉只要小夭开心[亲亲] http://t.cn/A60TufJU,负面
选玱玹[doge][doge][doge]就想看你俩哭[doge][doge][doge] http://t.cn/A60TmHWF,正面
小夭嫁给我 http://t.cn/A60Tu2Lv,负面
夭璟[打call][打call][打call] http://t.cn/A60T1vL5,负面
我只知道下周我们夭璟开启恋爱模式[打call]@电视剧长相思 http://t.cn/A60T3nUh,正面
涂山璟[污] http://t.cn/A60T3RQB,负面
温柔善良青丘狐狸✖️勇敢坚定高辛王姬?#杨紫小夭#?#邓为涂山璟# http://t.cn/A60T17IZ,正面
[毛球]下周也加更吧！想小夭,正面
杨紫小夭我来了[打call][打call][打call][打call][打call],负面
大王姬娶我[哇]#杨紫小夭#,负面
选涂山璟[送花花] http://t.cn/A60T1ogH,正面
杨紫小夭[亲亲][亲亲][心],负面
不得不说杨紫演这种感情戏是真的绝[赞],正面
天哪，原来是自由发挥[泪],正面
怪不得我感觉本体出来了[doge],负面
我刚开始以为我磕夭璟，然后以为我磕夭柳，认哥后我以为我夭玹[毛球][毛球][毛球][毛球][毛球]结果我发现！！杨紫跟谁互动多跟谁近一点，我就磕谁！！！谁懂啊！！杨紫太牛了，跟谁都好有氛围[泪][泪],负面
甜度爆表,负面
#杨紫长相思# 配我一脸[哈哈],负面
好演员就是杨紫这样啊[彩虹屁],正面
真的好甜[泪][泪][泪]我感觉比他俩接吻还要甜一万倍！！！！,正面
我想看花絮,正面
最后手那一抱上来 谁懂 [哇],正面
是谁嘴脸快咧到耳朵了？哦，是我！！[苦涩],正面
难怪像极了小情侣之间的那种互动气氛！果然啊！真诚的感情细节才是最让人羡慕的,正面
杨紫拍这种真的都好有代入感?,正面
甜死单身狗哦[允悲],正面
到底是从哪里得知的自由发挥[泪]没有恶意就是想踏实一些[苦涩],正面
紫妹剧里很甜 剧外吃了陨丹[允悲],正面
每次看杨紫的剧都要跟着换cp，之前看香蜜以为她会和邓，看那个余生又磕肖，看这部又磕她跟这个小?狐邓！可是到最后都没声音了，现在不想乱磕了，只能等她自己现实公布了才能磕！[笑cry][笑cry][笑cry],正面
人已磕晕,正面
杨紫小夭小女生的情感表现的很细腻,正面
真的甜死,正面
好幽默可爱[抱一抱]@卡布叻_周深,正面
很幽默很可爱[笑cry],正面
反应超可爱哒 哈哈哈[哈哈]@卡布叻_周深,正面
要开的要开的，快来看啊[赢牛奶]@卡布叻_周深 http://t.cn/A60Y5c8a,正面
哈哈哈哈哈哈好可爱@卡布叻_周深,正面
@卡布叻_周深 [送花花][送花花],正面
哈哈哈哈周深反应超快的小可爱呀！,正面
周深全身都是梗[笑cry],正面
好可爱[求关注][求关注][求关注],正面
你是聪明可爱又帅，唱歌很好听的周深[抱一抱],正面
哈哈哈哈哈哈哈哈,正面
可可爱爱的宝@卡布叻_周深 [哇][哇][哇],正面
哈哈哈深深你也太可爱了[哈哈],正面
哈哈哈哈哈哈可爱！,正面
有趣有梗如你周深！[送花花][送花花][送花花]@卡布叻_周深,正面
哈哈哈，周深脑瓜子主打一个灵光！[偷笑][偷笑]！@卡布叻_周深,正面
好可爱[哈哈][哈哈][哈哈]@卡布叻_周深,正面
好可爱哈哈哈哈哈@卡布叻_周深,正面
笑死我了[哈哈][哈哈][哈哈]@卡布叻_周深,正面
哈哈哈哈哈哈哈哈哈哈哈,正面
居然是友情支持，你真的我哭丝,正面
？妈耶还以为你挣了点做特效的钱 今天这么兴奋一直发广告 原来是友情支持[哆啦A梦害怕],正面
是国货哎，这格局[泪],正面
宝宝你真的，闻太师看了都哭了,正面
苟富贵莫忘23[鲜花],正面
感谢这些道友的支持,正面
哈哈哈哈哈头一次看到这种艾特的队伍这么庞大的微博，绝[允悲],正面
所以二三稳了吧[嘻嘻],正面
#电影封神第一部# 感谢各位品牌方对@电影封神第一部官方微博 的支持，用国货品牌，看国民神话，一同见证中国神话崛起！,正面
我今天转发累p了，[悲伤][悲伤][悲伤],正面
用国货品牌，看国民神话，一同见证中国神话崛起！,正面
#电影封神第一部# 谢谢各位道友！祝你们都一路发财????,正面
谢谢各位金主霸霸！祝你们生意兴隆，祝封神第一部票房大卖！大家共赴美好未来！[全力以赴][全力以赴][全力以赴] http://t.cn/A6Ni5Tgc,正面
感谢各位大哥[开学季],正面
谢谢各位道友[泪],正面
国货当自强，暑假看纣王,正面
我来了[打call][打call][打call]好棒，今天看了电影，什么时候第二部！,正面
国货品牌一同见证中国神话崛起[打call]一起打call~,正面
感谢各位道友[干饭人][干饭人]助力闻太师班师回朝[干饭人][干饭人] http://t.cn/A60W5OrE,负面
为闻太师早日回朝助力，封神冲冲冲！！！,负面
待会见老公??,正面
磊磊啊啊啊,正面
啊啊啊待会见,正面
待会见！,中性
吴磊[哇],正面
帅哥[好爱哦][好爱哦][好爱哦][好爱哦],正面
待会见宝宝[亲亲],正面
啊啊啊啊，磊磊??,正面
宝贝[亲亲],正面
宝宝你来啦[哇],正面
好帅[哇],中性
啊啊啊啊啊宝贝[哇][哇][哇]一会儿见！！[爱你][爱你],正面
待会见！！,负面
帅哥待会见！！！,正面
老公,正面
期待磊磊耶??,负面
一会见[可怜],负面
啊啊啊啊宝宝[哇][哇][哇],正面
妈呀好帅一男的[awsl],负面
待会见[爱你]@吴磊LEO,正面
空调遥控器拿没,负面
勇敢的离开会被奖励新的开始啊[心],正面
听过一句话，十男九?是真的吗,正面
我也经历过?连忙检查身体打包跑路[微笑],正面
但是听这么描述，好像还暂时没有什么开始新生活…挺描述家里有一位这么令人窒息的母亲，这不是回到原生家庭的地狱去了吗，这对一个人的影响不亚于有一个?男友我觉得…祝愿这位小姐姐有机会有觉悟的话，也能彻底摆脱原生家庭,正面
我知道的一男的 对他女朋友说“我没有道德吗 我没有底线吗 我会去干那事？”结果被我们发现他一周去三次…[太开心]吐了,负面
图片评论 http://t.cn/A60jLwRu,负面
好消息分手了，坏消息要流入市场了。,正面
就这么走了总要留点念想吧，比如空调插头剪下来带走，喜欢的鞋子带走一只，燃气灶的拧手撬下来，淋浴喷头，水龙头这些都是你们一起经历过的东西啊！！起码给自己一个美好的回忆,正面
最恐怖的就是这个 职位不低 千万别是体制内  不相信这样的男的能做出什么贡献,正面
为啥要拿纸和锅,负面
就说拉没拉到床上再走吧[怒],负面
为什么同居还能有时间pc,正面
姐妹你听我说，房子车子是家里人给你的也没关系，只要不会三餐上门来讨嫌你就住着用着，或者换锁换电话，写了你的名字就是你的，如果觉得现在的自己不配拥有，那就今后努力让自己成长到可以坦然接受，加油哇，你已经成功逃出一个大危机了，必有后福?,正面
又黄又赌，指不定什么时候沾毒，赶紧离开是对的，别再心软了,负面
好气，应该在他床上拉一泡再走[怒],负面
piao是最恶心的一类  脏?要死,负面
在洗浴干过前台，这图片我秒懂，男女客人比大约例100：1，被正宫找来的男客人，领导会和男客人打配合欺骗正宫，保护男客人权益，以此来揽回头客，目前已离职，原因，去洗浴的没一个好人[裂开]！！！！！,负面
开始新的生活啦[爱你]以后人生尽是坦途,正面
最恐怖的是有天刷到一个视频 说什么现在男的不结婚是为了报复女的要彩礼要房要车 [允悲] 还有评论说什么 一万一个月的工资 一个星期可以piao三次 无语了都 。。。,负面
啊啊啊啊宝宝[亲亲][亲亲][亲亲],正面
好可爱[抱一抱],正面
这个妆超级欧美感[憧憬],正面
好美[送花花],正面
这是拍啥的,负面
好可爱[馋嘴],正面
迪丽热巴[送花花],正面
好可爱,正面
Barbie[心],正面
啊啊,正面
[心],正面
[打call],中性
好美,正面
[耶],负面
哇哇哇[彩虹屁],正面
[送花花][送花花],正面
好牛[苦涩],正面
哇塞[舔屏][舔屏][舔屏][舔屏],负面
期待射雕英雄传侠之大者[送花花][送花花][送花花],正面
时影仙人之姿[抱一抱]，期待肖战更多优秀作品,正面
这个夏日，都来看玉骨遥和梦中那片海！品质好剧！,正面
哇[哇]简直太棒了！都是演员肖战的精品好剧[赞],正面
[好喜欢][好喜欢],正面
无论是年代剧还是古偶仙侠，肖战的表现真的好的没话说??他每演一种，我看小说时就多了个可代的形象[awsl],正面
时影仙人之姿[抱一抱]期待肖战更多优秀作品[鲜花],正面
演员肖战好多优秀作品[鼓掌],正面
时影太好看了[送花花][送花花],正面
哈哈哈[打call][打call]肖战肖春生时影让我快乐每一天[打call][打call] http://t.cn/A60jsek6,正面
#肖战# ,负面
来我家能看到肖战,正面
幸福[抱一抱],正面
哈哈哈哈哈哈哈来看时影和春生[开学季][开学季][开学季],正面
期待肖战有越来越多优秀的作品[心][心],正面
不够看真的不够看,正面
期待郭靖，期待射雕[赞][赞],正面
看不够真的看不够，所以阳阳慢点来…[允悲],正面
时影是仙侠男主巅峰，我要多看才能对得起我的双眼。,正面
这里来看[可爱],正面
只有我很坚定的站夭璟吗？[泪],正面
我没看剧之前坚定的磕夭柳，看了之后更坚定了[笑cry],正面
小孩子才做选择 成年人看到哪对磕哪对[doge],负面
我真的太喜欢了 http://t.cn/A60Ovoah,正面
画这个，这个超级美 http://t.cn/A60OhKJm,正面
我就是被创死也要站夭柳！！！！[泪][泪][泪][泪][泪],正面
长相思到底是什么鬼设定[泪]夭柳可难受了，可又能get到夭炫。相柳，主动一点啊 求求了，好烦[悲伤]一封没有署名的情书，我是没谁了 ，你但前进一点点，小夭都会歪向你啊。居然想到请回答1988的狗焕，太类似了,正面
哈哈哈，整个一瞎几把乱嗑，播到那里磕到哪里最爽，永远不会被创飞，只会被爽飞[打call],正面
不要摇摆了，站夭柳！后面还有防风邶呢！,正面
夭璟啊我不多说了，太美好了，小夭啊太喜欢了，涂山璟啊太喜欢了，,负面
以前看小说时嗑的有层次，现在主打一个谁出场嗑谁[doge]但是一想到一些人物的命运这些又忍不住伤感[允悲][苦涩],正面
[泪]张力拉满,正面
咱就是说all夭的快乐[doge]，什么都嗑只会让我营养均衡[舔屏] http://t.cn/A60OB9aC,正面
图片评论 http://t.cn/A60OvYUN,负面
越了解原著剧情，和每个人的出发点，越喜欢每一个[苦涩]之现在表哥我也能get到了[苦涩]三位全吃[doge],正面
我坚定不移的站相柳[毛球][毛球][毛球][毛球],正面
哪对同框嗑哪对，对我好[嘻嘻][嘻嘻],正面
还摇摆回去吗 夭璟好甜好甜～[哇],正面
都嗑！！！营养均衡[好喜欢][好喜欢],正面
磕到哪儿对儿算哪儿对哈哈,负面
啊啊啊啊元气阿拉凯！,正面
bb 继续奔跑吧??奔向自由璀璨的未来,正面
意气风发的少年 一直向前跑吧我的宝宝[泪],正面
在发光呀宝宝[泪][泪][泪],正面
录不了屏[泪][泪][泪],正面
啊啊啊好看，在发着光,正面
意气风发的美少年@TFBOYS-王俊凯,正面
谁有高清图啊[泪][泪],正面
凯凯是小王子[泪],正面
@Littlekarry_王俊凯动图库 要这个！！,正面
[苦涩]还是我九年前刚爱上时的模样！俊凯就是最意气风发的少年郎啊,正面
奔跑起来像是一道春天的闪电。,正面
你是奔跑在人间的另一个月亮。@TFBOYS-王俊凯 ,正面
一直向前跑吧宝宝[抱一抱],正面
真的好喜欢这里[泪]是充满生机的小俊,正面
啊啊啊啊啊啊啊啊啊啊[抓狂],正面
我记忆里最美好的少年,正面
被我珍藏?,正面
一瞬间成为我的top视频,正面
啊啊啊啊向前跑吧宝宝[泪],正面
"?TFBOYS十周年快乐?如果梦想有捷径的话 那么这条路的名字一定叫坚持? ""十年慢点儿""还在耳边回响 一眨眼十年之约已到尾声?往昔的苦与泪、笑和甜都被永远铭记?少年的每一步都不会白走? 未来你会更自由 更强大? 下一个十年的王俊凯一定会超过现在的王俊凯@TFBOYS-王俊凯?",正面
?叮咚～您乘坐的十年之约趟列车已到站?祝TFBOYS十周年快乐?大人的世界没有童话?但你的世界总是会保留刚刚好的童趣?你的冒险精神为你这十年带来了更多的尝试与不凡?给我们留下很多精彩的瞬间 ? ?2023 我们约好了 下个十年、下下个十年 一起开辟新体验?@TFBOYS-王俊凯?,正面
?十年耕耘，十年收获，祝福组合出道十周年快乐?时间漫漫，小队长陪伴我们走过了第一个十年啦?小小少年用稚嫩的肩膀挑起组合重担，想对你一句辛苦啦！被迫成熟的你也是我们的小英雄啊。?@TFBOYS-王俊凯?,正面
“工作要不骄不躁，保持初心”王俊凯，你一直都在超越自己,正面
???十年耕耘，十年收获，祝福组合出道十周年快乐?时间漫漫，小队长陪伴我们走过了第一个十年啦?小小少年?用稚嫩的肩膀挑起组合重担，想对你一句辛苦啦???被迫成熟的你也是我们的小英雄啊。岁月不居，时节如流，愿大家真诚相待，和谐共生???@TFBOYS-王俊凯?,正面
【凯皇驾到✨✨✨通通闪开】?舞台王者?全能ACE?唱跳具佳?超级顶流?绝美神颜?唯一TOP???王俊凯出道十周年快乐！都来听大帅哥唱歌?,正面
敬我们飘渺如烟的昨日，敬我们光辉灿烂的明天。???下一个十年，依旧是属于你的时代，依旧是属于我们的十年。???今后也会见证你勇攀高峰，再创辉煌的一面。十周年快乐！@TFBOYS-王俊凯???,正面
王俊凯好真诚[泪],正面
?十年既至，回望这十年，你从懵懂稚嫩在街头唱歌的小小少年到如今光彩夺目站在舞台掌控全场的耀眼歌星?，???从演家族自制剧的小男孩到如今的领衔主演。一路突破自我，一路坚守初心。???十年既到，我们汇聚成蓝海为你而来，你的前方是星辰大海???@TFBOYS-王俊凯?,正面
王俊凯你没有忘了初心，你真的越来越棒了，你永远都是最好的王俊凯，我爱你，一直在！感谢你出现在我的身边，你的出现让我的生活有了很多的意义，宝宝你永远在往前走，你永远都是最棒最酷的王俊凯，宝宝，我爱你???????@TFBOYS-王俊凯 http://t.cn/A60HwJYe,正面
王俊凯你都有做到噢[收到],正面
挥别过去，展望未来。???十年旅程，伴你同行。很高兴可以陪你开启一段全新的旅程。??? 下一段旅程，我们都要更幸福丰盛。@TFBOYS-王俊凯???,正面
⚪⚪⚪??⚪⚪⚪??⚪⚪⚪ ⚪⚪????⚪????⚪⚪ ⚪⚪??从开始到未来??⚪⚪  ⚪⚪⚪ ?只为王俊凯??⚪⚪⚪ ⚪⚪⚪⚪?????⚪⚪⚪⚪ ⚪⚪⚪⚪⚪???⚪⚪⚪⚪⚪ ⚪⚪⚪⚪⚪⚪?⚪⚪⚪⚪⚪⚪,正面
?祝福组合出道十周年快乐?十年甘苦风雨兼程，十年求索岁月如歌，初出茅庐的小队长挑起组合重任?漫漫十年给大家交上了一份满意的答卷。十年来我们与小队长共同经历风雨，无愧于心?在此遥祝各位未来同王俊凯一样站在阳光下，沐浴春风里@TFBOYS-王俊凯 ?,正面
保持初心，王俊凯你做到啦[泪][泪],正面
?音符谱新乐，蓝海赴旧约。影视歌曲多栖创佳绩，新的一年仍跟随你的脚步，与演员歌手@TFBOYS-王俊凯  一起，让我们共赴十年之约。?,正面
烨儿过来，麻麻给你呼呼眼睛[悲伤] http://t.cn/A60le37b,正面
韩烨一生之苦，又有谁可言说，谁能分担[泪][泪],正面
我来贴身照顾太子殿下[色],正面
[舔屏]太子殿下,正面
心疼太子[泪][泪],正面
烨儿别难过，我们回家了 http://t.cn/A60ledZU,正面
韩烨[苦涩],正面
太子殿下我是你的贴身侍女[舔屏][舔屏],正面
韩烨[泪][泪][泪],正面
我的烨儿，以后，我就是你的眼睛,正面
等太子归来！！！！,正面
最好的龚俊宝贝，最好的韩烨太子殿下，我们来保护你?[泪],正面
我来做太子殿下的贴身侍女！！！,正面
心疼，今晚继续一起来看我们最好和最爱的韩烨太子殿下[抱一抱],正面
我去照顾太子！！！[舔屏],正面
太子殿下尝尝我做的蘑菇汤[舔屏][舔屏][舔屏],正面
你小子，也爱上谐音梗了[鄙视][鄙视],负面
殿下[苦涩][苦涩],正面
太子殿下的愿望清单快结束了，好舍不得，但是又希望快点结束，殿下背负的东西真的太多了，够了够了。。。[泪],正面
等待太子归来！,正面
泰酷辣,正面
喜欢！BOSS多发小日常叭！[哇][哇][哇],负面
宝贝在干嘛，木啊在吗，训练吗[偷笑],正面
舞室里有什么好东西吗[开学季],正面
啊啊啊啊，新鲜的也哥[羞嗒嗒]好想你啊[泪],正面
宝贝的自拍?太开心啦[打call],正面
黑衣少年[春游家族]可可爱爱[抱一抱]抱走,正面
哟呵 是有什么好东西吗[馋嘴],正面
我的宝贝闪现[抱一抱],正面
我在看《热烈》，你在舞蹈室整活呢[doge],正面
手机壳链接 谢谢,负面
是有编舞吗[666]真是大惊喜?,正面
是我喜欢的黑裤衩[春游家族],正面
哇哇哇！我看到了什么！我家孩子终于发自拍了！！！,正面
宝子是在练舞吗[求关注][求关注],正面
日常我们爱看[哇]刘也真好[亲亲],正面
咋不发你的大笨妞了[doge]你变心了？,负面
喜欢 爱看 多发[鲜花],正面
相当炸裂[doge],负面
这个手机壳我喜欢,负面
速走速走 是刀,正面
没关系，李莲花还有16集可以活[酷],正面
啊啊啊啊啊啊啊我刚刚就在说[单身狗],正面
如果不是身体原因他也不会什么事儿都让朋友去干[苦涩],正面
大半夜的[泪][泪][泪]，刀?我，我的命也是命[泪],正面
[苦涩][苦涩]从开始的安神香助眠到现在的嗜睡,正面
啊啊啊啊啊身体越来越差了[跪了][泪],正面
小花这个头饰是什么呀,负面
起太早迷迷糊糊看见睡了李莲花这五个字，结果仔细一看一把大刀[抓狂],正面
我服了，又是刀[跪了],正面
看的时候没想太多，现在被刀了。。。。,负面
成毅演技真好，就真的是被吵醒的感觉,负面
#方花[超话]#小花的生命正在流逝,正面
啊啊啊刀死我了,正面
刀[苦涩],正面
啊啊啊啊啊啊对不起太太，不小心点到了催更[苦澀][苦澀][苦澀][苦澀]，不是故意的[傷心][傷心][傷心]如果收到催更信息，请忽略它[苦澀][苦澀][苦澀][苦澀]对不起啊啊啊啊啊啊[跪了][跪了][跪了],负面
一大早就被刀,负面
[泪][泪][泪]处处是细节啊我们小花,正面
小花[泪],正面
人被刀就会死，怎么一睁眼就被刀呀[苦涩],正面
这个追星体验感太好了，尤其是今天听他提自己想要演什么角色是要认真看了剧本再说，对自己事业很认真的演员啊,正面
这个夏天谢谢宴子和宴子爹 http://t.cn/A60jxTb1,正面
他笑和不笑反差真的好大。,正面
这么看他演技真的挺好的 和孟宴臣完全不一样的的性格 这么爱笑乐观的人 能演出那种痛苦压抑的感觉 像人格分裂一样,正面
孟宴臣和魏大勋也要幸福快乐哦～,正面
「希望大家在这个夏天都能收获快乐和幸福。」送给所有在这个夏天因为孟宴臣而注意到魏大勋甚至开始对魏大勋有好感的，每一位。这个夏天，作为他的粉丝，也因为这一切过得很幸福。谢谢大家[老师好][老师好][老师好],正面
豆老师，生图来了，更帅 http://t.cn/A60jiTFb,正面
小鸡毛和孟宴臣随意切换[舔屏],正面
遇到了孟宴臣就是我们的幸运与幸福,正面
这个夏天来自孟宴臣，谢谢大勋@魏大勋 ,正面
转一个宝宝的评论[单身狗]：“他说希望我们在这个夏天收获快乐和幸福，  其实这个夏天的快乐幸福都来自于你！”@魏大勋,正面
大家都要快乐哦,正面
这个暑假有勋子很开心[春游家族],正面
这个夏天的幸福来源于你,正面
看到这个人，不要点链接?，是私人域名，小心诈骗，扩散！扩散！ ！ http://t.cn/A60j8mdw,负面
看到这个人，不要点链接?，是私人域名，小心诈骗，扩散！扩散！ http://t.cn/A60j8RsO,负面
[抓狂][抓狂][抓狂]微醺 http://t.cn/A60jx3ZX,负面
半孟半勋真的很顶[awsl],正面
这个手[开学季]  扣我[可怜],负面
特别特别好！喜欢一个人同时拥有1＋1＞2的美好感受,正面
我好心疼张晚意 长相思宣发什么东西都不给宣传玱玹的 创飞他们吧球球了,正面
张晚意演技真的绝了[泪],正面
演技和台词都好牛逼[泪][赞],正面
横店电动车兄妹的名场面[笑而不语],正面
张晚意演技太棒啦[彩虹屁]#张晚意玱玹#,正面
哥们儿你不考虑安排个热搜吗[泪],正面
这么厉害的戏份，居然连个热搜都没有,负面
看到这段仿佛自己身在其中跟着哭的无法自拔喘气的累[苦涩],正面
钱花在刀刃上[微笑]给你老板安排热搜[微笑][微笑][微笑],正面
心疼哥哥呜呜呜,正面
好会演[泪][泪]但是注意宣发啊亲爱的[可怜][可怜][可怜],正面
这都没有一个热搜[泪][泪][泪]#张晚意玱玹#,正面
张晚意牛逼[泪],正面
只有活着，才能走到那个位置，保护最亲最近的那个人。@张晚意 http://t.cn/A60jyMUW,正面
抱抱我们玱玹[泪],正面
哥演技太炸裂啦[泪],正面
张晚意玱玹好绝[泪][泪][泪],正面
张晚意你了不起[泪][泪][泪]怎么这么会演啊[泪][泪][泪]@张晚意,正面
好会流眼泪[苦涩],正面
室宝，有这段花絮嘛[哇][哇][哇]有的话快放,正面
好棒呀[赢牛奶],正面
真的太棒了，谢谢,正面
太帅了[送花花],正面
跳得很有力度感！美！！,正面
啊啊啊啊啊宝宝好漂亮[送花花],正面
真的好看宝宝[亲亲],正面
宝宝真的很棒[赢牛奶],正面
太帅了宝贝！视觉盛宴,正面
宝宝跳的太棒了啊,正面
支持你[awsl],正面
宝贝你好厉害[哇],正面
舟舟你跳得好棒啊啊啊好优雅好美！！！,正面
超棒！！！宝宝！！,正面
宝宝爱你???,正面
好棒[哇],正面
好帅啊老公！！！,负面
舞蹈好棒,正面
宝宝，舞超级美，爱你,正面
期待[爱你],正面
超帅啊啊,正面
学到了！,正面
3d辅助了[doge],负面
老师！天才！现在我只需要解决我不会画头发，五官和脸型的问题了[doge],正面
天才！我学,正面
天才，我学,正面
难道你真的是天才！！！[哆啦A梦吃惊][哆啦A梦吃惊][哆啦A梦吃惊][哆啦A梦吃惊],正面
@猪肉达咩达咩,正面
啊啊啊啊啊啊啊啊胶白老师就是天才……,正面
完全难不倒她！,负面
大师我吾了[泪],正面
学到了,正面
天才,中性
麻麻叶！好强！@波纹战士阿法法,正面
好帅[哇][哇],负面
难道她真的是天才,负面
天才[泪][心],正面
天才！,中性
哈哈哈哈太帅了[打call][舔屏],正面
哈哈哈哈哈哈好帅[泪][泪][泪],正面
女将军,负面
woc，连光都偏爱她，好美,正面
大师姐来了吗 http://t.cn/A60j5j1Z,正面
经常看到举着相机拍拍拍，都哪去了？,正面
现场花絮工作室是真没有吗？,负面
历经万千苦难，愿小夭一切皆随心如愿@杨紫 【杨紫小夭】 【杨紫长相思】【杨紫玟小六】#杨紫小夭# yz #杨紫长相思#,正面
女帝，也不是不可以[送花花],负面
思之不忘，相逢有时【杨紫小夭】【杨紫长相思】【杨紫玟小六】#杨紫小夭# yz #杨紫长相思# @杨紫,负面
今天德塔文还没出嘛,负面
我有一个很长很长的故事，需要一生一世，慢慢讲给你听【杨紫长相思】#杨紫小夭#【杨紫小夭】#杨紫长相思# @杨紫,正面
嫦娥本娥的感觉！,负面
带杨紫小夭啊#杨紫小夭#,负面
杨紫小夭[抱一抱][抱一抱][抱一抱]#杨紫小夭#,正面
杨紫的形态好美，挺拔，为什么杨紫你每演完一个角色，我就有种我走不出来的感觉，长相思太好看了@杨紫,正面
真的好好看[泪][泪][泪] 杨紫小夭,正面
愿余生鲜衣怒马，有人陪你看遍烈焰繁花！【杨紫小夭】【杨紫长相思】#杨紫小夭# yz #杨紫长相思#  @杨紫,正面
完全被杨紫的演技折服了~,正面
杨紫小夭的眼睛会说话 太漂亮了,正面
女将、女谋士的感觉,正面
将军[鲜花][鲜花][鲜花][毛球],正面
细节啊，杨紫演的小夭也很细节[哆啦A梦微笑][哆啦A梦微笑][哆啦A梦微笑],正面
杨紫演技真好[awsl][awsl]各种小细节都演得好！！！！大王姬小夭好美[awsl][awsl],正面
是杨紫小夭的长相思[兔子][兔子][兔子] http://t.cn/A60YItWk,正面
小夭[苦涩][苦涩][苦涩],正面
是不是剪成小视频更好传播呀[嘻嘻]看好多剧粉这样分析呢[酷]杨紫小夭值得被更多人看到,正面
杨紫小夭,负面
哎呀，我的小夭出没,正面
杨紫真的揣摩角色，设计的细节好到位[苦涩][苦涩][苦涩][苦涩],正面
杨紫小夭每个细节都能牢牢拿捏观众的心 演员杨紫牛逼[泪] http://t.cn/A60YICDn,正面
杨紫[心][心][心],正面
小夭[心][心][心][心],正面
杨紫把小夭这个人物吃透了[心][心]长相思剧组也细节控，喜欢。正在细品之前的剧集，阿思，剧情宣发加油哦[太开心],正面
杨紫小夭，这个女人剧里剧外都让人很着迷 http://t.cn/A60YIRoR,正面
妈呀，好细节，再去看一遍[拳头],正面
长相思很多细节，杨紫演的小夭也细节满满[心][心][心],正面
杨紫[偷乐][偷乐][偷乐][偷乐],负面
好爱杨紫小夭大王姬怎么办 在线等[举手] http://t.cn/A60YIW9j,正面
你这字体我看得有点费劲[doge]小细节满满夸夸[舔屏]杨紫小夭表演的小细节也很多很棒，二刷细品中[彩虹屁],正面
你怎么知道我本命是小夭的[偷乐],负面
好喜欢杨紫的小夭[打call][打call][打call],正面
报听,负面
每当我开始觉得好听了，下一秒就开始kkkkk,正面
又臭又长 心碎了?,正面
感觉有点割裂呀 两首歌？,正面
评论发什么神经 只会唱衰了是吗 这么仙的仙曲 五个小女孩特别好[爱你][太开心],正面
最近jyp想怎样[汗],负面
额jyp就一定要mix吗[苦涩],正面
jyp给我一种快要倒闭了的感觉,正面
为啥这首是主打，酱油瓶能不能放弃洗脑歌,负面
这么好看的造型 配这种旋律的歌是认真的吗？？,正面
到底在k什么…..,正面
我真的觉得很好听诶 是我?有问题吗[单身狗],正面
真的不好听 谢谢kkk救了你,正面
翻椅子别逼笑[伤心][哆啦A梦害怕][哆啦A梦害怕],负面
其实全曲真的挺好听 但感觉kkkkk在中间加的有点割裂,正面
哥们你自己听听这歌好听吗[拜拜][拜拜][拜拜],正面
李彩领[打call],正面
第一遍觉得还可以，就很好了！！,正面
这很难评,负面
看预告我以为是很炸的曲子呢 [泪][泪][泪][泪][泪],正面
哪个大学这么不要脸？,正面
狠狠给张雪峰摁个赞。人家还在解决温饱呢，你就想奢侈品了，滚球,正面
金星秀采访过一个富豪，他说给在国外上学的学生捐钱，金星老师就跟直白的说能出国的都不差钱，有钱人只帮有钱人，这个学校不就是这样吗，在国外不回来的人还少吗，这帮人真有心思帮帮那些真正需要帮助的人,正面
能出国了他还得需要资助？,正面
绝对不给基金会，水什么筹就是教训,负面
你明明三餐吃饱就行了，你却偏要说我要吃。米其林。。。你明明骑个电动车，大不了再好一点儿，买个二手车就行了。你偏说你要开宝马，奔驰。。,负面
贫困生另一个机构做？那你基金会是给富二代准备的？,正面
真TM不要脸,正面
配享太庙[微笑][微笑][微笑],正面
'资助出国得签合同，以后必须回来而且永远不能出去就业，简直了，都咋想的,负面
妈呀[裂开][裂开][裂开][裂开],负面
想出国不一定要很多钱啊。欧美很贵，但是我们俄罗斯普通专业一年学费就两万多人民币。还能申请国家公费，只要你成绩好。免学费，免住宿费，每个月给几百块钱补贴（肯定不够生活费但是聊胜于无）。踏马的我们俄罗斯留学生也是留学生啊，不止欧美吞金兽是留学生啊！！！[微笑][微笑][微笑],正面
这个大学真脸皮厚,正面
应该曝光这样的学校，免得误人子弟,负面
学校自己也想贪，真EX[裂开],正面
我他妈的还没出过国呢 我资助你出国[怒骂],正面
就不管那些人怎么说，我个人支持张雪峰,负面
哈哈，我记起一个新闻：春蕾计划把钱给男孩子买相机。理由也是这么奇葩，为了男孩子的未来。那可是春蕾计划,负面
挺逗啊，真舔脸去要钱挺逗啊,负面
[嘻嘻][嘻嘻][嘻嘻][嘻嘻][good],正面
就要张予曦  就要张予曦    就要张予曦  就要张予曦   就要张予曦    就要张予曦   就要张予曦,负面
实在不行别哄了，都得黄！,负面
不要张予曦！不要张予曦！不要张予曦！不要张予曦！不要张予曦！不要张予曦！不要张予曦！不要张予曦！不要张予曦！不要张予曦！不要张予曦！不要张予曦！不要张予曦！不要张予曦！不要张予曦！不要张予曦！不要张予曦！不要张予曦！不要张予曦！不要张予曦！不要张予曦！不要张予曦！不要张予曦！,负面
张予曦张予曦张予曦张予曦张予曦张予曦,负面
现在除了王谁都可以,正面
杨洋王楚然二搭,正面
感觉张予曦挺合适  男主张凌赫也不错,正面
不要王楚然不要王楚然不要王楚然不要王楚然不要王楚然不要王楚然不要王楚然不要王楚然不要王楚然不要王楚然不要王楚然不要王楚然不要王楚然不要王楚然不要王楚然不要王楚然不要王楚然不要王楚然不要王楚然不要王楚然不要王楚然不要王楚然不要王楚然不要王楚然不要王楚然不要王楚然不要王楚然不要王楚然,正面
就要张予曦！就要张予曦！就要张予曦！就要张予曦！就要张予曦！就要张予曦！就要张予曦！就要张予曦！就要张予曦！就要张予曦！就要张予曦！就要张予曦！就要张予曦！就要张予曦！就要张予曦！就要张予曦！就要张予曦！就要张予曦！就要张予曦！就要张予曦！就要张予曦！就要张予曦！就要张予曦！就要,负面
就要张予曦就要张予曦就要张予曦就要张予曦就要张予曦就要张予曦就要张予曦就要张予曦就要张予曦就要张予曦就要张予曦就要张予曦就要张予曦就要张予曦就要张予曦就要张予曦就要张予曦就要张予曦就要张予曦就要张予曦就要张予曦就要张予曦就要张予曦就要张予曦就要张予曦就要张予曦顺应民意顺应民意！！,负面
张凌赫很难请吗？（个人选角） http://t.cn/A600JbJN,负面
不是张予曦这部剧不会看 明显的资本运作[抱抱],正面
孟子义孟子义孟子义孟子义孟子义孟子义孟子义孟子义孟子义孟子义孟子义孟子义孟子义孟子义孟子义孟子义孟子义孟子义孟子义孟子义孟子义孟子义孟子义孟子义孟子义孟子义孟子义孟子义孟子义孟子义孟子义孟子义孟子义孟子义孟子义孟子义孟子义孟子义孟子义孟子义孟子义孟子义孟子义孟子义孟子义孟子义,正面
不要翟潇闻！不要翟潇闻！不要翟潇闻！不要翟潇闻！不要翟潇闻！不要翟潇闻！不要翟潇闻！不要翟潇闻！不要翟潇闻！不要翟潇闻！不要翟潇闻！不要翟潇闻！不要翟潇闻！不要翟潇闻！不要翟潇闻！不要翟潇闻！不要翟潇闻！不要翟潇闻！不要翟潇闻！不要翟潇闻！不要翟潇闻！不要翟潇闻！不要翟潇闻！不要,负面
要张予曦！要张予曦！要张予曦！要张予曦！要张予曦！要张予曦！要张予曦！要张予曦！要张予曦！要张予曦！要张予曦！要张予曦！要张予曦！要张予曦！要张予曦！要张予曦！要张予曦！要张予曦！要张予曦！要张予曦！要张予曦！要张予曦！要张予曦！,负面
推荐魏大勋[爱你]推荐魏大勋[爱你]推荐魏大勋[爱你]推荐魏大勋[爱你]推荐魏大勋[爱你]推荐魏大勋[爱你]推荐魏大勋[爱你]推荐魏大勋[爱你]推荐魏大勋[爱你]推荐魏大勋[爱你]推荐魏大勋[爱你]推荐魏大勋[爱你]推荐魏大勋[爱你]推荐魏大勋[爱你]要推荐魏大勋[爱你]推荐魏大勋[爱你]推荐魏大勋[爱你],正面
就要张予曦  就要张予曦    就要张予曦  就要张予曦   就要张予曦    就要张予曦   就要张予曦就要张予曦  就要张予曦    就要张予曦  就要张予曦   就要张予曦    就要张予曦   就要张予曦就要张予曦  就要张予曦    就要张予曦  就要张予曦   就要张予曦就要张予曦 就要张予曦就要张予曦  就要张予曦,负面
什么眼神？还是谁是色盲啊？这仨颜色都不同好嘛[笑cry],正面
易烊千玺帅炸了[舔屏] http://t.cn/A60j7nvo,正面
❤️❤️❤️❤️❤️❤️❤️❤️❤️❤️❤️❤️❤️❤️❤️ ❤️❤️❤️❤️❤️ 一心一意❤️ 易烊千玺❤️ ❤️❤️❤️❤️❤️❤️❤️❤️❤️❤️❤️❤️❤️❤️❤️❤️❤️❤️❤️❤️ http://t.cn/A60jwOfm,正面
王俊凯真的帅，背影也超帅[舔屏] http://t.cn/A60j2E4U,正面
想看王俊凯[来][来] http://t.cn/A60jyKzl,正面
易烊千玺帅飞[心][心][心] http://t.cn/A60jA4iV,正面
期待帅哥易烊千玺的舞台吧[色] http://t.cn/A60jwk4t,正面
?以音乐和影视践行灼灼初心?个人单曲风格多变涂染惊喜，演绎之路扎实自我收获肯定?时尚杂志一路成绩瞩目，优质代言彰显商业价值，公益善意连绵万里?以硕果满载敲开新一年的大门，新电影《749局》和《刺猬》待揭更多精彩?和全能偶像@TFBOYS-王俊凯 相约十周年?,正面
特别帅[舔屏] http://t.cn/A60jwDZH,正面
元气大帅哥，期待易烊千玺舞台[求关注] http://t.cn/A60jAIK4,正面
岁月辗转成歌，时光流逝如花???一晃眼小猫咪已是大老虎?八月有很多盼头，我只盼着用蓝海接你回家???@TFBOYS-王俊凯 这一个旅程披荆斩棘的你辛苦了，下一个旅程将会有灿烂辉煌等着你✨???,正面
老公下高铁看到了吧[親親] http://t.cn/A60jAh3v,正面
知道王俊凯帅了 http://t.cn/A60jyKXJ,正面
只知道易烊千玺好帅 http://t.cn/A60jz1b5,正面
?以音乐和影视践行灼灼初心?个人单曲风格多变涂染惊喜，演绎之路扎实自我收获肯定?时尚杂志一路成绩瞩目，优质代言彰显商业价值，公益善意连绵万里?以硕果满载敲开新一年的大门，新电影《749局》和《刺猬》待揭更多精彩?和全能偶像@TFBOYS-王俊凯 ​​​相约十周年?,正面
?时光匆匆，心怀梦想，向阳生长。与全能ACE?、青年演员?@TFBOYS-王俊凯 相约於【十年之约】。蓝海猖狂赴周年，载歌载舞庆周年。恭喜小凯的冒险旅途已结束?未来必将一帆风顺。,正面
王俊凯好帅！！[哇],正面
爆曲无数顶尖歌手兼制作人?音综音源断层TOP1?汪苏泷六城万人演唱会 每地连开两场?场场爆满 开票秒售罄?大麦歌手粉丝数193.4万人?单站想看人数破70万?qq音乐粉丝1059万人? 酷狗3.2亿人收听?单曲单平台破百万收藏37首 千万收藏6首?线上演唱会直播观看破亿?是青春也是未来 http://t.cn/A60HZxmM,正面
，，，，，，，[老師好] http://t.cn/A60Hzspp,正面
帅气第一名！！ http://t.cn/A60HzrqO,正面
蛙趣金发真的很帅[兔子],正面
[羞嗒嗒][羞嗒嗒]哥哥这也太帅了吧！！！,负面
这妆造只唱三首浪费了，下班后开场直播谢谢[开学季][开学季],正面
好帅……好帅……好帅……无语……好帅……晕,负面
13广州场演唱会也要听《我想念》,正面
我去这个发色建议半永久[老師好]或者来个粉色也行[抓狂][抓狂][舔屏],正面
超帅！但是为啥鞋子那么大[doge] http://t.cn/A60HzsyW,负面
啊啊啊啊啊啊啊我的金发小王子[羞嗒嗒]我的我的，我的!今天就拿粉麻袋给你捆回家，真的忍不了了![泪][好爱哦][好爱哦][好爱哦],正面
怎么这么帅啊哥哥,正面
哈哈哈新壁咚图 http://t.cn/A60HZ66x,正面
我去 好帅,负面
下次就按这个妆造标准来[哇],负面
大帅哥！！！,负面
好帅[舔屏][舔屏][舔屏],负面
不懂这个发型，不懂为什么可以这么帅[微笑],正面
太帅了哥 http://t.cn/A60HZ5Nl,负面
好帅,中性
图片评论 http://t.cn/A600M1ct,负面
坨坨14斤了,负面
宝宝们有什么旅游城市推荐吗,正面
刚刚想边看视频边自己拆头发??结果头发没拆成 耳钉冲下水道了ipad还摔了,负面
今天去朋友家做客了,负面
我最近和皮皮关系很好 http://t.cn/A600xwVC,正面
小侄子的暑假作业居然是看爱德华写观后感，我说我也会写,正面
晚安哦宝宝 好梦[抱抱][抱抱][抱抱],正面
宝宝晚安 八月我们都要好运[亲亲][亲亲][亲亲],正面
啊啊啊宝宝[抱一抱][抱一抱][抱一抱],正面
宝宝哄我睡觉!!!我好幸福???,正面
小狗每天都在等待着主人回来[泪][泪][泪],正面
宝宝 晚安 好梦[爱你],正面
宝宝八月快乐[泪][泪][泪][泪][泪][泪],正面
#沈梦瑶[超话]# “相信我 你的主人这么爱你 她一定会回来的” 瑶瑶和喵宝宝都要睡个好觉哦[抱一抱] #沈梦瑶廿五相伴自在如风# ,正面
宝宝[抓狂],正面
你也是！睡个好觉，我们一直在宝宝,负面
啊啊啊啊宝宝[哆啦A梦花心],正面
啊啊宝宝[亲亲],正面
想鼠我惹[抓狂][抓狂][抓狂],负面
真的睡不了一点,负面
#易烊千玺夹得嗓子都冒烟了# 甜甜千,正面
粉粉的玺真的好嫩好可爱！,正面
被某人甜醒[抱一抱][抱一抱][抱一抱],正面
可爱死了小甜豆,正面
我也[泪],正面
怎么这么可爱啊我靠,正面
火车上补觉补不了一点!!差信号中夹缝生存!!啊啊啊啊啊啊啊啊啊,负面
太可可可可,负面
宝[哇][哇],正面
偷偷甜,正面
甜份爆表了！！#易烊千玺夹得嗓子都冒烟了# ,负面
太可爱啦宝宝[可憐][可憐],正面
@中戏食堂不太方便的鸡腿 @爱撞头的猫,正面
好甜[舔屏],正面
[污][污],负面
尊嘟好甜[抱一抱]@TFBOYS-易烊千玺 ,正面
小宝宝,正面
笑的好甜[泪][泪][泪],正面
真的很娇啊谁懂，想扛上大花轿娶进门[喵喵],负面
特别感谢下化妆老师和摄影、伴舞出资方：林陌[打call]哈哈哈哈,正面
哎呦，换头像了[舔屏]，你最近的更新频率很喜欢[舔屏]，舞台鲨疯了[舔屏][舔屏],负面
林总头像好帅，我能不能偷走[举手][举手][举手][举手][色],正面
注意身体哦,正面
下次见[抱一抱][抱一抱],正面
裤子你一直提，小肚脐又若隐若现[笑cry],正面
玩的开心就好[哇],正面
玩的开心就好，注意身体哦,正面
陌陌的舞台超级有台风，还健谈了很多，气氛活跃了起来[抱一抱],正面
舞台越来越稳了，特别好[抱一抱],正面
好好休息,负面
又是18宫格~请林总以后就按这个标准发微博噢！[嘻嘻][挤眼],正面
头像换的不错昂，嘻嘻嘻,正面
有机会我会去看舞台的[哇],正面
下次来个vlog吧[泪],正面
好的林总下次舞台不见不散噢！[打call][打call][打call],正面
林总好好休息，养精蓄锐好准备下一场噢！加油加油爱你鸭……[打call][打call][打call],正面
每次都有不同的惊喜[彩虹屁],正面
才发现换了新头像——好帅好好看[舔屏][舔屏],负面
这个头像好好看啊[彩虹屁]昨天去现场，有点小遗憾[苦涩]但是zuzu真的超帅，下次现场见,正面
恭喜万难们，主题曲会在十周年演唱[鲜花] http://t.cn/A60WnFST,正面
谁懂啊，上一次表演真心话太冒险还是2017年南京场四周年?,正面
这首歌我要夹子音夹子音夹子音[阴险][阴险][阴险],负面
这是伴舞在排练对吗[苦涩],正面
好的 看看定点工作人员的动作 我的唱跳组合回来了 意满离[doge],正面
能不能带猫耳跳[奥特曼][奥特曼],负面
朵，再探再报[鲜花],正面
呜呜呜[泪][泪][泪][泪]我可以看到三只石头剪刀布吗呜呜呜,正面
啊啊啊啊啊我好喜欢这首歌，但是印象里感觉这首歌的舞台很少[泪][泪],正面
前面的情景对话不要删！@TFBOYS 求你[泪][泪]还有石头剪刀布的动作不要少[泪][泪]我真的好想好想好想TFB的互动[泪][泪][泪] http://t.cn/A60WuR7f,正面
所以一开始的石头剪刀布还有吗！！！！！！！！！，,正面
妈呀愿望成真[泪][泪][泪]真的很喜欢啊好多年没唱了[泪][泪][泪] http://t.cn/A60l7Ur0,正面
“哎呀不玩了不玩了什么啊连输三把了” “哈哈快点选真心话还是大冒险” “还选真心话是吧听好了” 草我真的崩溃了[微笑],正面
可以看他们玩石头剪刀布了[嘻嘻][嘻嘻][嘻嘻][嘻嘻][嘻嘻][嘻嘻][嘻嘻][嘻嘻][嘻嘻][嘻嘻][嘻嘻][嘻嘻][嘻嘻],正面
我的唱跳老爱豆现身吧！！！,正面
还是没听出来[笑cry],正面
该的[揣手]我很期待他们用他们现在的声音或者再夹回去把团歌都唱一遍[打call],正面
三老只给我夹起来唱！,正面
请拿出专业，一起唱跳[打call][打call][打call],正面
这下真的是真心话 太冒险了[苦涩],正面
回望好好听[哇],负面
王子凯唱的好好听！,正面
小王子王俊凯[送花花][送花花][送花花][送花花],正面
啊啊啊啊#王俊凯新歌回望# 真的太好听了小仙子,正面
王子[泪][泪],正面
回望音源出了吗！,正面
新歌《回望》直拍存档[抱一抱]#陪王俊凯奔赴每一个十年#,正面
一睡醒就被王俊凯美颜攻击[泪][泪][泪]杀疯了视听盛宴！,正面
星姐！！！,负面
好帅好帅[哇][哇][哇],负面
好帅[赞][赞][赞][鲜花][鲜花][鲜花],正面
这个直拍我爱了！！[抓狂][抓狂][抓狂],负面
开口爆哭[泪],正面
这套真的贵族王子！！！！,正面
#王俊凯新歌回望# 快看这个直拍 王子[泪][泪][泪]#陪王俊凯奔赴每一个十年# ,正面
我真的无限循环这首歌[泪][泪][泪][泪]#陪王俊凯奔赴每一个十年# ,正面
存 王俊凯真的太绝了,正面
我的王子啊[送花花][送花花],正面
小仙子[可怜]#陪王俊凯奔赴每一个十年# ,正面
美神降临，这唱功好绝[爱你]太好听了#王俊凯回望#,正面
玉骨遥值得赞誉，后劲会更大[太开心][鲜花],正面
玉骨遥就是满满诚意，绝不糊弄观众[鼓掌],正面
细节控狂喜[鲜花],正面
细节棒,正面
好剧是会注意打磨细节的！,正面
牛逼了,正面
制作精良的好剧，玉骨遥值得一看,正面
玉骨遥是真的尊重观众，剧情 立意 特效 完全能看出那份真诚[送花花]#玉骨遥# ,正面
玉骨遥真的太用心 太细节了。,正面
[爱你][爱你][爱你],正面
玉骨遥太细节了！值得反复观看！,正面
#肖战时影# 本观众有被尊重到，有#玉骨遥# 这么真诚打磨的品质好剧，开心[抱一抱]！现在，看了玉骨遥就是尊贵的观众大人了[爱你]。,正面
哇，厉害??,负面
玉骨遥太值得了,正面
好剧都是用心打磨的,正面
认真看完二刷的说句实话：真的是好剧，打破传统古偶定义，立意正气高远，家国情怀大气凌然，绝绝对对值得推荐的一部好剧。,正面
仙品玉骨遥[good][good][good],正面
突然发觉，这个剧我看了个寂寞，啥啥都没发现，只发现男主帅了[偷笑][偷笑][偷笑][偷笑][偷笑],正面
人好美，衣服不咋样，全靠鞠姐脸撑,负面
演出顺利@鞠婧祎,正面
鞠婧祎[舔屏][舔屏],负面
老公[羞嗒嗒],负面
鞠婧祎好美[送花花],正面
鞠婧祎很美[心][心][心],正面
我的宝[打call],正面
你不觉得衣服要是能再好点的话 就又是一个神级场面吗[悲伤],正面
鞠婧祎很美我知道,正面
塑料感的衣服被你们的姐穿出千金感,正面
宝贝[打call],正面
鞠婧祎,负面
没有鞠婧祎你们48根本不行,负面
你为啥不让我保存？[微笑],负面
算你善良[悲伤],正面
人好美，衣服不好看，全靠鞠脸撑,正面
我的公主好美[悲伤][悲伤][悲伤][悲伤]@鞠婧祎,正面
老婆好美[哇] 祝老婆演出顺利！@鞠婧祎,正面
鞠婧祎好美[送花花][泪],正面
亏你会发,负面
搞个新热门上去‼️,正面
539需要人❗️场内的去支援一下❗️,正面
我爸可以和我都爱看的节目[求关注],正面
[苦涩][苦涩],正面
舞台王者！！！ http://t.cn/A60HAKf0,负面
#TFBOYS快本的信#团子在精选,正面
转发微博,正面
太帅了   我会看1128遍,正面
多帅啊我的妈呀,负面
易烊千玺在舞台永远的神[泪][泪],正面
上去上去上去上去上去,正面
#tfboys十年之约演唱会# ,负面
好帅啊,中性
太帅啦！千玺驾驭的风格！,正面
易烊千玺就是我的神[泪][泪][泪],正面
[亲亲][亲亲][亲亲],负面
大花轿[送花花][送花花]#易烊千玺唱大花轿#,正面
太飒啦！[心],正面
太帅了[舔屏],负面
这个一定一定要有直拍！！#易烊千玺十稔终章皆成序#,正面
来源 http://t.cn/A60NwQRW,正面
在小鸡毛的dna里又把坏狗狗的刻板印象加深了一遍,正面
鸡毛：今天碰见下头耶了?,负面
耶の强制爱[哆啦A梦害怕],正面
耶耶是真的好黏糊啊[偷笑],正面
强制爱,正面
娇纵女友和憨包男友[哈哈],正面
耶：看着我的眼睛说话,负面
耶耶:你最好喜欢跟我贴贴,正面
这尾巴一直摇一直摇[舔屏][舔屏][舔屏][舔屏][舔屏],负面
"满脸写着""愿意""[爱你] http://t.cn/A60NAh0p",正面
大鸡毛：家人们谁懂啊[微笑]今天遇到个虾头狗,正面
一模一样? http://t.cn/A60NweEB,负面
小鸡毛你如果被挟持了就眨眨眼[泪],正面
萨摩耶你个舔狗[哆啦A梦微笑],正面
感动吗？不敢动不敢动[doge],负面
可爱狗狗就是要贴贴?,正面
@小动物的颜色废料本,正面
@小熊送花 [春游家族],正面
@蝦魚卷,正面
好漂亮[憧憬],正面
[哇][哇][哇],负面
迪丽热巴好美好美[心],正面
真迪甜[哇],正面
看个综艺，我给诊断出一种病，旁边那哥们绝对有多动症[偷笑],正面
真美真好看@Dear-迪丽热巴 [心],正面
她真的一到自己拿手的环节就超级嘚瑟！我好喜欢！！,正面
听到歌一瞬间的表情变化，迪丽热巴真的棒[哇],正面
真迪甜[抱一抱][抱一抱],正面
迪丽热巴任安乐|帝梓元#迪丽热巴任安乐# |迪丽热巴安乐传|#迪丽热巴安乐传# @Dear-迪丽热巴,正面
真迪甜,正面
美到我的心尖上[嘻嘻]迪丽热巴好美[打call][打call],正面
乐观的生存，乐观的奋斗，只问耕耘，不问收获，这才是洒脱而坦荡的人生。@Dear-迪丽热巴  迪丽热巴任安乐|#迪丽热巴任安乐#|迪丽热巴安乐传|#迪丽热巴安乐传# @Dear-迪丽热巴 [色][打call],正面
好可爱[打call][打call][打call],正面
真的绝美[哇],正面
巴宝多跳跳??,正面
太美了,正面
迪丽热巴任安乐|#迪丽热巴任安乐#|迪丽热巴安乐传|#迪丽热巴安乐传# @Dear-迪丽热巴,正面
"??????????????????,????????.你听，风在诉说我想你了@Dear-迪丽热巴#迪丽热巴安乐传#迪丽热巴安乐传#迪丽热巴任安乐#迪丽热巴任安乐｜迪丽热巴帝梓元@Dear-迪丽热巴",正面
美晕了美晕了[哇],正面
超级棒！蓝海才配得上王子！,正面
真的很美蓝色！辛苦现场的xpx了！！！,正面
工坊的字好大#陪王俊凯奔赴每一个十年# ,负面
好大，好漂亮[努力],正面
好大好亮好蓝！[泪][泪][泪],正面
工坊看这个[抱一抱][抱一抱] http://t.cn/A60Hxqke,正面
[泪][泪][泪][泪][泪][泪][泪],正面
幸苦了幸苦了今天太棒了！,正面
太棒啦[打call][打call][打call]#陪王俊凯奔赴每一个十年#,正面
特别特别美[泪],正面
这么大个“王俊凯”小凯一定看到了！感谢感谢送进去的小螃蟹#陪王俊凯奔赴每一个十年#,正面
调了色温后直观地感受到蓝海不少[泪] http://t.cn/A60HayRW,正面
辛苦啦[打call],正面
王俊凯 我们赢了,正面
蓝海跟王子?,正面
好大 好蓝[泪][泪][泪][泪][泪],正面
好漂亮[苦涩][苦涩],正面
好好看！！！！！,负面
啊啊啊啊啊啊啊[苦涩],正面
现场怎么样,负面
你……算了不想说啥了，照顾好他让他早点休息,正面
告诉他异人之下超好看 张灵玉超棒,正面
好帅，以后直播请保持这种水平[收到],负面
好帅宝宝！你超棒的！,正面
下次不要关键时刻找不到人了,正面
出息了，知道打光了，终于没白嘱咐[爱你]，以后直播都打光知道吗？,负面
保护好他！！！,负面
老公快把老头衫扒掉[巨齿鲨2：深渊],负面
好帅[舔屏],负面
你好好搞宣传 保护好毕雯珺,负面
是认真工作的宝宝[抱一抱]他好乖[打call],正面
真的很棒[打call][打call]辛苦啦,正面
你小子太帅啦[打call][打call][打call],正面
辛苦宝贝！,正面
啊啊啊啊啊啊老公好帅[亲亲],正面
认真工作的宝宝[心],正面
乖宝[抱一抱][抱一抱][抱一抱],正面
嘻嘻嘻 老帅了[抱一抱][抱一抱][抱一抱],正面
辛苦啦老公[巨齿鲨2：深渊],正面
辛苦啦拜拜咯,正面
